Workbook

Sheet Notes
G1: PROJECT: | N1: PROJECT NO: | R1: COMPANY: | V1: DOCUMENT NUMBER:
G2: GREATER STELLA AREA DEVELOPMENT | N2: JU11805D | R2: ITHACA ENERGY | V2: FPF1-HC-007
G3: DOCUMENT TITLE: | R3: ORIGINATOR: | V3: REV: | Z3: DATE: | AD3: PAGE NO:
G4: Trunnion Calculation Ellipse Method | R4: Piping Stress | V4: A | Z4: 41243 | AD4: NOTES
A5: Ref | C5: Calculation | AF5: Rev
D7: This calculation method supplements the corporate trunnion calculation spreadsheet PEC-EN-VSS-L-3204 and is only to be used for the Greater Stella Area Development project.
D11: This calculation method uses the formula 3.26 from 'Design of Piping Systems' by M.W. Kellogg Company.
D14: Instead of using the circular cross-section of the trunnion to determine the area and length for the unit loading, this method uses the area and length of the ellipse at the intersection of the trunnion and the pipe surface.
D18: The following formulae were substituted into those in formula 3.26;-
G20: π·Rn² | H20: ≡ | I20: π·a·b
G22: 2π·Rn | H22: ≡ | I22: π·(a + b)·{1 + 3·[(a - b)/(a + b)]²/[10 + √(4 - 3·[(a - b)/(a + b)]²)]} | AD22: Note i)
E24: Where,
E26: For trunnions on straight pipe,
L28: Minor Radius, a | M28: = | N28: r
L29: Major Radius, b | M29: = | N29: R·sinˉ¹(r/R)
E31: For trunnions on straight pipe with reinforcement pads (width = W),
L33: Minor Radius, a | M33: = | N33: r + W
L34: Major Radius, b | M34: = | N34: R·sinˉ¹(r/R) + W
E36: For trunnions on elbows,
J38: Minor Radius, a | K38: = | L38: R·sinˉ¹(r/R)
J39: Major Radius, b | K39: = | L39: (RB + R)·{cosˉ¹[(RB + O - r)/(RB + R)] - cosˉ¹[(RB + O + r)/(RB + R)]}/2
T40: where | W40: RB | X40: = | Y40: Radius of Elbow C/L
W41: O | X41: = | Y41: Trunnion offset
D47: NOTES:
D48: i) | E48: Based upon Srinivasa Ramanujan's approximation of the circumference of an ellipse.
D49: ii) | E49: Reinforcement pads shall not be used on elbows.

Sheet Calculation
I1: PROJECT: | S1: PROJECT NO: | Y1: COMPANY: | AE1: DOCUMENT NUMBER:
I2: =Notes!G2 -> GREATER STELLA AREA DEVELOPMENT | S2: =Notes!N2 -> JU11805D | Y2: =Notes!R2 -> ITHACA ENERGY | AE2: =Notes!V2 -> FPF1-HC-007
I3: DOCUMENT TITLE: | Y3: ORIGINATOR: | AE3: REV: | AK3: DATE: | AQ3: PAGE NO:
I4: =Notes!G4 -> Trunnion Calculation Ellipse Method | Y4: =Notes!R4 -> Piping Stress | AE4: =Notes!V4 -> A | AK4: =Notes!Z4 -> 41243 | AQ4: =IF(COUNT(BE11:BE60)=0,"1 of 1",CB7&" of "&COUNT(BE11:BE60)) -> 1 of 1
A5: Ref | AD5: Calculation No. | AE5: FPF1-000-REV1 | AK5: Node No. | AU5: Rev
AR6: All dimensions are in mm, UNO
D7: Pipe Data | CB7: =IF(ISNA(MATCH(AQ5,BE11:BE60,0)),0,MATCH(AQ5,BE11:BE60,0)) -> 0
N8: Nominal Pipe Size, NPS | O8: = | P8: 8
N9: OD, D | O9: = | P9: =VLOOKUP(P8,'Pipe Schedules'!$A$7:$B$48,2) -> 219.07 | BE9: Node | BG9: NPS | BI9: Axial Axis | BL9: Long. Axis | BO9: Circum. Axis
N10: Radius, R | O10: = | P10: =P9/2 -> 109.535
N11: Pipe Thickness / Schedule | O11: = | P11: STD | BO11: =IF(OR(BI11="",BL11=""),"",IF(OR(AND(UPPER(BI11)="X",UPPER(BL11)="Y"),AND(UPPER(BI11)="Y",UPPER(BL11)="X")),"z",IF(OR(AND(UPPER(BI11)="X",UPPER(BL11)="Z"),AND(UPPER(BI11)="Z",UPPER(BL11)="X")),"y","x")))
N12: Wall Thk, tp | O12: = | P12: =INDEX('Pipe Schedules'!$C$7:$T$48,MATCH(P8,'Pipe Schedules'!$A$7:$A$48,0),MATCH(P11,'Pipe Schedules'!$C$6:$T$6,0)) -> 8.18 | BO12: =IF(OR(BI12="",BL12=""),"",IF(OR(AND(UPPER(BI12)="X",UPPER(BL12)="Y"),AND(UPPER(BI12)="Y",UPPER(BL12)="X")),"z",IF(OR(AND(UPPER(BI12)="X",UPPER(BL12)="Z"),AND(UPPER(BI12)="Z",UPPER(BL12)="X")),"y","x")))
N13: Corrosion Allowance, C | O13: = | P13: 0 | BO13: =IF(OR(BI13="",BL13=""),"",IF(OR(AND(UPPER(BI13)="X",UPPER(BL13)="Y"),AND(UPPER(BI13)="Y",UPPER(BL13)="X")),"z",IF(OR(AND(UPPER(BI13)="X",UPPER(BL13)="Z"),AND(UPPER(BI13)="Z",UPPER(BL13)="X")),"y","x")))
N14: Mill Tolerance, MTp | O14: = | P14: 0.125 | BO14: =IF(OR(BI14="",BL14=""),"",IF(OR(AND(UPPER(BI14)="X",UPPER(BL14)="Y"),AND(UPPER(BI14)="Y",UPPER(BL14)="X")),"z",IF(OR(AND(UPPER(BI14)="X",UPPER(BL14)="Z"),AND(UPPER(BI14)="Z",UPPER(BL14)="X")),"y","x")))
O15: = | P15: =P12*P14 -> 1.0225 | BO15: =IF(OR(BI15="",BL15=""),"",IF(OR(AND(UPPER(BI15)="X",UPPER(BL15)="Y"),AND(UPPER(BI15)="Y",UPPER(BL15)="X")),"z",IF(OR(AND(UPPER(BI15)="X",UPPER(BL15)="Z"),AND(UPPER(BI15)="Z",UPPER(BL15)="X")),"y","x")))
D16: Trunnion Data | BO16: =IF(OR(BI16="",BL16=""),"",IF(OR(AND(UPPER(BI16)="X",UPPER(BL16)="Y"),AND(UPPER(BI16)="Y",UPPER(BL16)="X")),"z",IF(OR(AND(UPPER(BI16)="X",UPPER(BL16)="Z"),AND(UPPER(BI16)="Z",UPPER(BL16)="X")),"y","x")))
N17: Trunnion Nominal Size | O17: = | P17: 6 | BO17: =IF(OR(BI17="",BL17=""),"",IF(OR(AND(UPPER(BI17)="X",UPPER(BL17)="Y"),AND(UPPER(BI17)="Y",UPPER(BL17)="X")),"z",IF(OR(AND(UPPER(BI17)="X",UPPER(BL17)="Z"),AND(UPPER(BI17)="Z",UPPER(BL17)="X")),"y","x")))
N18: OD, d | O18: = | P18: =VLOOKUP(P17,'Pipe Schedules'!$A$7:$B$48,2) -> 168.27 | BO18: =IF(OR(BI18="",BL18=""),"",IF(OR(AND(UPPER(BI18)="X",UPPER(BL18)="Y"),AND(UPPER(BI18)="Y",UPPER(BL18)="X")),"z",IF(OR(AND(UPPER(BI18)="X",UPPER(BL18)="Z"),AND(UPPER(BI18)="Z",UPPER(BL18)="X")),"y","x")))
N19: Radius, r | O19: = | P19: =P18/2 -> 84.135 | BO19: =IF(OR(BI19="",BL19=""),"",IF(OR(AND(UPPER(BI19)="X",UPPER(BL19)="Y"),AND(UPPER(BI19)="Y",UPPER(BL19)="X")),"z",IF(OR(AND(UPPER(BI19)="X",UPPER(BL19)="Z"),AND(UPPER(BI19)="Z",UPPER(BL19)="X")),"y","x")))
N20: Trunnion Thk / Schedule | O20: = | P20: STD | BO20: =IF(OR(BI20="",BL20=""),"",IF(OR(AND(UPPER(BI20)="X",UPPER(BL20)="Y"),AND(UPPER(BI20)="Y",UPPER(BL20)="X")),"z",IF(OR(AND(UPPER(BI20)="X",UPPER(BL20)="Z"),AND(UPPER(BI20)="Z",UPPER(BL20)="X")),"y","x")))
N21: Wall Thk, tt | O21: = | P21: =INDEX('Pipe Schedules'!$C$7:$T$48,MATCH(P17,'Pipe Schedules'!$A$7:$A$48,0),MATCH(P20,'Pipe Schedules'!$C$6:$T$6,0)) -> 7.11 | BO21: =IF(OR(BI21="",BL21=""),"",IF(OR(AND(UPPER(BI21)="X",UPPER(BL21)="Y"),AND(UPPER(BI21)="Y",UPPER(BL21)="X")),"z",IF(OR(AND(UPPER(BI21)="X",UPPER(BL21)="Z"),AND(UPPER(BI21)="Z",UPPER(BL21)="X")),"y","x")))
N22: ID, di | O22: = | P22: =P18-2*P21 -> 154.05 | BO22: =IF(OR(BI22="",BL22=""),"",IF(OR(AND(UPPER(BI22)="X",UPPER(BL22)="Y"),AND(UPPER(BI22)="Y",UPPER(BL22)="X")),"z",IF(OR(AND(UPPER(BI22)="X",UPPER(BL22)="Z"),AND(UPPER(BI22)="Z",UPPER(BL22)="X")),"y","x")))
N23: Moment Arm, L | O23: = | P23: 0 | BO23: =IF(OR(BI23="",BL23=""),"",IF(OR(AND(UPPER(BI23)="X",UPPER(BL23)="Y"),AND(UPPER(BI23)="Y",UPPER(BL23)="X")),"z",IF(OR(AND(UPPER(BI23)="X",UPPER(BL23)="Z"),AND(UPPER(BI23)="Z",UPPER(BL23)="X")),"y","x")))
N24: Trunnion offset, O | O24: = | P24: 0 | BO24: =IF(OR(BI24="",BL24=""),"",IF(OR(AND(UPPER(BI24)="X",UPPER(BL24)="Y"),AND(UPPER(BI24)="Y",UPPER(BL24)="X")),"z",IF(OR(AND(UPPER(BI24)="X",UPPER(BL24)="Z"),AND(UPPER(BI24)="Z",UPPER(BL24)="X")),"y","x"))) | CB24: Non-Ellipse
N25: Re-Pad Thickness, tr | O25: = | P25: 0 | BO25: =IF(OR(BI25="",BL25=""),"",IF(OR(AND(UPPER(BI25)="X",UPPER(BL25)="Y"),AND(UPPER(BI25)="Y",UPPER(BL25)="X")),"z",IF(OR(AND(UPPER(BI25)="X",UPPER(BL25)="Z"),AND(UPPER(BI25)="Z",UPPER(BL25)="X")),"y","x"))) | CB25: Straight Pipe
N26: Mill Tolerance, MTr | O26: = | P26: 0.125 | BO26: =IF(OR(BI26="",BL26=""),"",IF(OR(AND(UPPER(BI26)="X",UPPER(BL26)="Y"),AND(UPPER(BI26)="Y",UPPER(BL26)="X")),"z",IF(OR(AND(UPPER(BI26)="X",UPPER(BL26)="Z"),AND(UPPER(BI26)="Z",UPPER(BL26)="X")),"y","x"))) | CB26: Elbow
O27: = | P27: =P25*P26 -> 0 | BO27: =IF(OR(BI27="",BL27=""),"",IF(OR(AND(UPPER(BI27)="X",UPPER(BL27)="Y"),AND(UPPER(BI27)="Y",UPPER(BL27)="X")),"z",IF(OR(AND(UPPER(BI27)="X",UPPER(BL27)="Z"),AND(UPPER(BI27)="Z",UPPER(BL27)="X")),"y","x")))
N28: Re-Pad Width, W | O28: = | P28: 0 | BO28: =IF(OR(BI28="",BL28=""),"",IF(OR(AND(UPPER(BI28)="X",UPPER(BL28)="Y"),AND(UPPER(BI28)="Y",UPPER(BL28)="X")),"z",IF(OR(AND(UPPER(BI28)="X",UPPER(BL28)="Z"),AND(UPPER(BI28)="Z",UPPER(BL28)="X")),"y","x")))
D29: Line Data | BO29: =IF(OR(BI29="",BL29=""),"",IF(OR(AND(UPPER(BI29)="X",UPPER(BL29)="Y"),AND(UPPER(BI29)="Y",UPPER(BL29)="X")),"z",IF(OR(AND(UPPER(BI29)="X",UPPER(BL29)="Z"),AND(UPPER(BI29)="Z",UPPER(BL29)="X")),"y","x")))
N30: Design Temperature, T | O30: = | P30: 0 | S30: °C | BO30: =IF(OR(BI30="",BL30=""),"",IF(OR(AND(UPPER(BI30)="X",UPPER(BL30)="Y"),AND(UPPER(BI30)="Y",UPPER(BL30)="X")),"z",IF(OR(AND(UPPER(BI30)="X",UPPER(BL30)="Z"),AND(UPPER(BI30)="Z",UPPER(BL30)="X")),"y","x")))
N31: Design : Operating Pressure, P | O31: = | P31: 0 | S31: 0 | V31: barg | BO31: =IF(OR(BI31="",BL31=""),"",IF(OR(AND(UPPER(BI31)="X",UPPER(BL31)="Y"),AND(UPPER(BI31)="Y",UPPER(BL31)="X")),"z",IF(OR(AND(UPPER(BI31)="X",UPPER(BL31)="Z"),AND(UPPER(BI31)="Z",UPPER(BL31)="X")),"y","x"))) | CC31: Other | CD31: 0
N32: Allowable Stress, Sh | O32: = | P32: 0 | S32: MPa | BO32: =IF(OR(BI32="",BL32=""),"",IF(OR(AND(UPPER(BI32)="X",UPPER(BL32)="Y"),AND(UPPER(BI32)="Y",UPPER(BL32)="X")),"z",IF(OR(AND(UPPER(BI32)="X",UPPER(BL32)="Z"),AND(UPPER(BI32)="Z",UPPER(BL32)="X")),"y","x"))) | CC32: 1D | CD32: 1
D33: Loading Data | BO33: =IF(OR(BI33="",BL33=""),"",IF(OR(AND(UPPER(BI33)="X",UPPER(BL33)="Y"),AND(UPPER(BI33)="Y",UPPER(BL33)="X")),"z",IF(OR(AND(UPPER(BI33)="X",UPPER(BL33)="Z"),AND(UPPER(BI33)="Z",UPPER(BL33)="X")),"y","x"))) | CC33: 1.5D | CD33: 1.5
N34: Attachment Type | O34: = | P34: Non-Ellipse | BO34: =IF(OR(BI34="",BL34=""),"",IF(OR(AND(UPPER(BI34)="X",UPPER(BL34)="Y"),AND(UPPER(BI34)="Y",UPPER(BL34)="X")),"z",IF(OR(AND(UPPER(BI34)="X",UPPER(BL34)="Z"),AND(UPPER(BI34)="Z",UPPER(BL34)="X")),"y","x"))) | CC34: 3D | CD34: 3
N35: Elbow Radius, RB | O35: = | P35: 1.5D | BO35: =IF(OR(BI35="",BL35=""),"",IF(OR(AND(UPPER(BI35)="X",UPPER(BL35)="Y"),AND(UPPER(BI35)="Y",UPPER(BL35)="X")),"z",IF(OR(AND(UPPER(BI35)="X",UPPER(BL35)="Z"),AND(UPPER(BI35)="Z",UPPER(BL35)="X")),"y","x"))) | CC35: 5D | CD35: 5
O36: = | P36: =VLOOKUP(P8,'Pipe Schedules'!$A$7:$U$48,21)*VLOOKUP(P35,Calculation!CC31:CD35,2,FALSE)*25.4 -> 304.8 | BO36: =IF(OR(BI36="",BL36=""),"",IF(OR(AND(UPPER(BI36)="X",UPPER(BL36)="Y"),AND(UPPER(BI36)="Y",UPPER(BL36)="X")),"z",IF(OR(AND(UPPER(BI36)="X",UPPER(BL36)="Z"),AND(UPPER(BI36)="Z",UPPER(BL36)="X")),"y","x")))
N37: Ellipse Minor Axes Radius, a | O37: = | P37: =IF(P34="Non-Ellipse",P19,IF(P34="Elbow",P10*ASIN(P19/P10),IF(P25>0,P19+P25,P19))) -> 84.135 | BO37: =IF(OR(BI37="",BL37=""),"",IF(OR(AND(UPPER(BI37)="X",UPPER(BL37)="Y"),AND(UPPER(BI37)="Y",UPPER(BL37)="X")),"z",IF(OR(AND(UPPER(BI37)="X",UPPER(BL37)="Z"),AND(UPPER(BI37)="Z",UPPER(BL37)="X")),"y","x")))
N38: Ellipse Major Axes Radius, b | O38: = | P38: =IF(P34="Non-Ellipse",P19,IF(P34="Elbow",(P36+P10)*(ACOS((P36+P24-P19)/(P36+P10))-ACOS((P36+P24+P19)/(P36+P10)))/2,IF(P25>0,P10*ASIN(P19/P10)+P25,P10*ASIN(P19/P10)))) -> 84.135 | BO38: =IF(OR(BI38="",BL38=""),"",IF(OR(AND(UPPER(BI38)="X",UPPER(BL38)="Y"),AND(UPPER(BI38)="Y",UPPER(BL38)="X")),"z",IF(OR(AND(UPPER(BI38)="X",UPPER(BL38)="Z"),AND(UPPER(BI38)="Z",UPPER(BL38)="X")),"y","x")))
N39: Attachment Area, AA | O39: = | P39: =PI()*P37*P38 -> 22238.386 | S39: mm² | BO39: =IF(OR(BI39="",BL39=""),"",IF(OR(AND(UPPER(BI39)="X",UPPER(BL39)="Y"),AND(UPPER(BI39)="Y",UPPER(BL39)="X")),"z",IF(OR(AND(UPPER(BI39)="X",UPPER(BL39)="Z"),AND(UPPER(BI39)="Z",UPPER(BL39)="X")),"y","x")))
N40: Attachment Circumference, CA | O40: = | P40: =IF(P34="Non-Ellipse",2*PI()*P37,PI()*(P37+P38)*(1+3*POWER((P37-P38)/(P37+P38),2)/(10+SQRT(4-3*POWER((P37-P38)/(P37+P38),2))))) -> 528.6358 | BO40: =IF(OR(BI40="",BL40=""),"",IF(OR(AND(UPPER(BI40)="X",UPPER(BL40)="Y"),AND(UPPER(BI40)="Y",UPPER(BL40)="X")),"z",IF(OR(AND(UPPER(BI40)="X",UPPER(BL40)="Z"),AND(UPPER(BI40)="Z",UPPER(BL40)="X")),"y","x")))
N41: Total Wall Thickness, tp - C + tr, t | O41: = | P41: =P12-P15-P13+P25-P27 -> 7.1575 | BO41: =IF(OR(BI41="",BL41=""),"",IF(OR(AND(UPPER(BI41)="X",UPPER(BL41)="Y"),AND(UPPER(BI41)="Y",UPPER(BL41)="X")),"z",IF(OR(AND(UPPER(BI41)="X",UPPER(BL41)="Z"),AND(UPPER(BI41)="Z",UPPER(BL41)="X")),"y","x")))
N42: =(IF(OR(CB47="",CB48="",CB49=""),"","Weight and Construction Tolerance")) | O42: =(IF(OR(CB47="",CB48="",CB49=""),"","=")) | BO42: =IF(OR(BI42="",BL42=""),"",IF(OR(AND(UPPER(BI42)="X",UPPER(BL42)="Y"),AND(UPPER(BI42)="Y",UPPER(BL42)="X")),"z",IF(OR(AND(UPPER(BI42)="X",UPPER(BL42)="Z"),AND(UPPER(BI42)="Z",UPPER(BL42)="X")),"y","x")))
BO43: =IF(OR(BI43="",BL43=""),"",IF(OR(AND(UPPER(BI43)="X",UPPER(BL43)="Y"),AND(UPPER(BI43)="Y",UPPER(BL43)="X")),"z",IF(OR(AND(UPPER(BI43)="X",UPPER(BL43)="Z"),AND(UPPER(BI43)="Z",UPPER(BL43)="X")),"y","x")))
D44: Loading Data | P44: Load Cases | BO44: =IF(OR(BI44="",BL44=""),"",IF(OR(AND(UPPER(BI44)="X",UPPER(BL44)="Y"),AND(UPPER(BI44)="Y",UPPER(BL44)="X")),"z",IF(OR(AND(UPPER(BI44)="X",UPPER(BL44)="Z"),AND(UPPER(BI44)="Z",UPPER(BL44)="X")),"y","x"))) | CB44: =IF($CB$7=0,"",TRIM(INDIRECT("'Case "&COLUMN()-79&"'!R4C3",FALSE))) | CE44: =IF($CB$7=0,"",TRIM(INDIRECT("'Case "&COLUMN()-81&"'!R4C3",FALSE))) | CH44: =IF($CB$7=0,"",TRIM(INDIRECT("'Case "&COLUMN()-83&"'!R4C3",FALSE))) | CK44: =IF($CB$7=0,"",TRIM(INDIRECT("'Case "&COLUMN()-85&"'!R4C3",FALSE))) | CN44: =IF($CB$7=0,"",TRIM(INDIRECT("'Case "&COLUMN()-87&"'!R4C3",FALSE))) | CQ44: =IF($CB$7=0,"",TRIM(INDIRECT("'Case "&COLUMN()-89&"'!R4C3",FALSE))) | CT44: =IF($CB$7=0,"",TRIM(INDIRECT("'Case "&COLUMN()-91&"'!R4C3",FALSE))) | CW44: =IF($CB$7=0,"",TRIM(INDIRECT("'Case "&COLUMN()-93&"'!R4C3",FALSE))) | CZ44: =IF($CB$7=0,"",TRIM(INDIRECT("'Case "&COLUMN()-95&"'!R4C3",FALSE)))
P45: Load Case Type | V45: =IF(CE45="","","("&CE45&")") | Y45: =IF(CH45="","","("&CH45&")") | AB45: =IF(CK45="","","("&CK45&")") | AE45: =IF(CN45="","","("&CN45&")") | AH45: =IF(CQ45="","","("&CQ45&")") | AK45: =IF(CT45="","","("&CT45&")") | AN45: =IF(CW45="","","("&CW45&")") | AQ45: =IF(CZ45="","","("&CZ45&")") | BO45: =IF(OR(BI45="",BL45=""),"",IF(OR(AND(UPPER(BI45)="X",UPPER(BL45)="Y"),AND(UPPER(BI45)="Y",UPPER(BL45)="X")),"z",IF(OR(AND(UPPER(BI45)="X",UPPER(BL45)="Z"),AND(UPPER(BI45)="Z",UPPER(BL45)="X")),"y","x"))) | CB45: =IF($CB$7=0,"",INDIRECT("'Case "&COLUMN()-79&"'!R4C4",FALSE)) | CE45: =IF($CB$7=0,"",INDIRECT("'Case "&COLUMN()-81&"'!R4C4",FALSE)) | CH45: =IF($CB$7=0,"",INDIRECT("'Case "&COLUMN()-83&"'!R4C4",FALSE)) | CK45: =IF($CB$7=0,"",INDIRECT("'Case "&COLUMN()-85&"'!R4C4",FALSE)) | CN45: =IF($CB$7=0,"",INDIRECT("'Case "&COLUMN()-87&"'!R4C4",FALSE)) | CQ45: =IF($CB$7=0,"",INDIRECT("'Case "&COLUMN()-89&"'!R4C4",FALSE)) | CT45: =IF($CB$7=0,"",INDIRECT("'Case "&COLUMN()-91&"'!R4C4",FALSE)) | CW45: =IF($CB$7=0,"",INDIRECT("'Case "&COLUMN()-93&"'!R4C4",FALSE)) | CZ45: =IF($CB$7=0,"",INDIRECT("'Case "&COLUMN()-95&"'!R4C4",FALSE))
P46: Allowable Stress | R46: MPa | S46: =IF(OR(S47="",S48="",S49=""),"",$P32) | V46: =IF(OR(V47="",V48="",V49=""),"",$P32) | Y46: =IF(OR(Y47="",Y48="",Y49=""),"",$P32) | AB46: =IF(OR(AB47="",AB48="",AB49=""),"",$P32) | AE46: =IF(OR(AE47="",AE48="",AE49=""),"",$P32) | AH46: =IF(OR(AH47="",AH48="",AH49=""),"",$P32) | AK46: =IF(OR(AK47="",AK48="",AK49=""),"",$P32) | AN46: =IF(OR(AN47="",AN48="",AN49=""),"",$P32) | AQ46: =IF(OR(AQ47="",AQ48="",AQ49=""),"",$P32) | BO46: =IF(OR(BI46="",BL46=""),"",IF(OR(AND(UPPER(BI46)="X",UPPER(BL46)="Y"),AND(UPPER(BI46)="Y",UPPER(BL46)="X")),"z",IF(OR(AND(UPPER(BI46)="X",UPPER(BL46)="Z"),AND(UPPER(BI46)="Z",UPPER(BL46)="X")),"y","x")))
P47: Axial Load, FAXIAL | R47: N | V47: =IF(CE47="","",ROUNDUP((1+$P$42)*ABS(CE47),IF((1+$P$42)*ABS(CE47)>1000,-2,IF((1+$P$42)*ABS(CE47)>10,-1,0)))) | Y47: =IF(CH47="","",ROUNDUP((1+$P$42)*ABS(CH47),IF((1+$P$42)*ABS(CH47)>1000,-2,IF((1+$P$42)*ABS(CH47)>10,-1,0)))) | AB47: =IF(CK47="","",ROUNDUP(ABS(CK47),IF(ABS(CK47)>1000,-2,IF(ABS(CK47)>10,-1,0)))) | AE47: =IF(CN47="","",ROUNDUP(ABS(CN47),IF(ABS(CN47)>1000,-2,IF(ABS(CN47)>10,-1,0)))) | AH47: =IF(CQ47="","",ROUNDUP(ABS(CQ47),IF(ABS(CQ47)>1000,-2,IF(ABS(CQ47)>10,-1,0)))) | AK47: =IF(CT47="","",ROUNDUP((1+$P$42)*ABS(CT47),IF((1+$P$42)*ABS(CT47)>1000,-2,IF((1+$P$42)*ABS(CT47)>10,-1,0)))) | AQ47: =IF(CZ47="","",ROUNDUP((1+$P$42)*ABS(CZ47),IF((1+$P$42)*ABS(CZ47)>1000,-2,IF((1+$P$42)*ABS(CZ47)>10,-1,0)))) | BO47: =IF(OR(BI47="",BL47=""),"",IF(OR(AND(UPPER(BI47)="X",UPPER(BL47)="Y"),AND(UPPER(BI47)="Y",UPPER(BL47)="X")),"z",IF(OR(AND(UPPER(BI47)="X",UPPER(BL47)="Z"),AND(UPPER(BI47)="Z",UPPER(BL47)="X")),"y","x"))) | CB47: =IF($CB$7=0,"",INDIRECT("'Case "&COLUMN()-79&"'!R"&5+$CB$7&"C"&(COLUMN()-3+IF(UPPER(INDIRECT("BI"&10+$CB$7))="Y",11,IF(UPPER(INDIRECT("BI"&10+$CB$7))="Z",22,0)))/11,FALSE)) | CE47: =IF($CB$7=0,"",INDIRECT("'Case "&COLUMN()-81&"'!R"&5+$CB$7&"C"&(COLUMN()-6+IF(UPPER(INDIRECT("BI"&10+$CB$7))="Y",11,IF(UPPER(INDIRECT("BI"&10+$CB$7))="Z",22,0)))/11,FALSE)) | CH47: =IF($CB$7=0,"",INDIRECT("'Case "&COLUMN()-83&"'!R"&5+$CB$7&"C"&(COLUMN()-9+IF(UPPER(INDIRECT("BI"&10+$CB$7))="Y",11,IF(UPPER(INDIRECT("BI"&10+$CB$7))="Z",22,0)))/11,FALSE)) | CK47: =IF($CB$7=0,"",INDIRECT("'Case "&COLUMN()-85&"'!R"&5+$CB$7&"C"&(COLUMN()-12+IF(UPPER(INDIRECT("BI"&10+$CB$7))="Y",11,IF(UPPER(INDIRECT("BI"&10+$CB$7))="Z",22,0)))/11,FALSE)) | CN47: =IF($CB$7=0,"",INDIRECT("'Case "&COLUMN()-87&"'!R"&5+$CB$7&"C"&(COLUMN()-15+IF(UPPER(INDIRECT("BI"&10+$CB$7))="Y",11,IF(UPPER(INDIRECT("BI"&10+$CB$7))="Z",22,0)))/11,FALSE)) | CQ47: =IF($CB$7=0,"",INDIRECT("'Case "&COLUMN()-89&"'!R"&5+$CB$7&"C"&(COLUMN()-18+IF(UPPER(INDIRECT("BI"&10+$CB$7))="Y",11,IF(UPPER(INDIRECT("BI"&10+$CB$7))="Z",22,0)))/11,FALSE)) | CT47: =IF($CB$7=0,"",INDIRECT("'Case "&COLUMN()-91&"'!R"&5+$CB$7&"C"&(COLUMN()-21+IF(UPPER(INDIRECT("BI"&10+$CB$7))="Y",11,IF(UPPER(INDIRECT("BI"&10+$CB$7))="Z",22,0)))/11,FALSE)) | CW47: =IF($CB$7=0,"",INDIRECT("'Case "&COLUMN()-93&"'!R"&5+$CB$7&"C"&(COLUMN()-24+IF(UPPER(INDIRECT("BI"&10+$CB$7))="Y",11,IF(UPPER(INDIRECT("BI"&10+$CB$7))="Z",22,0)))/11,FALSE)) | CZ47: =IF($CB$7=0,"",INDIRECT("'Case "&COLUMN()-95&"'!R"&5+$CB$7&"C"&(COLUMN()-27+IF(UPPER(INDIRECT("BI"&10+$CB$7))="Y",11,IF(UPPER(INDIRECT("BI"&10+$CB$7))="Z",22,0)))/11,FALSE))
P48: Longitudinal Load, FLONG | R48: N | V48: =IF(CE48="","",ROUNDUP((1+$P$42)*ABS(CE48),IF((1+$P$42)*ABS(CE48)>1000,-2,IF((1+$P$42)*ABS(CE48)>10,-1,0)))) | Y48: =IF(CH48="","",ROUNDUP((1+$P$42)*ABS(CH48),IF((1+$P$42)*ABS(CH48)>1000,-2,IF((1+$P$42)*ABS(CH48)>10,-1,0)))) | AB48: =IF(CK48="","",ROUNDUP(ABS(CK48),IF(ABS(CK48)>1000,-2,IF(ABS(CK48)>10,-1,0)))) | AE48: =IF(CN48="","",ROUNDUP(ABS(CN48),IF(ABS(CN48)>1000,-2,IF(ABS(CN48)>10,-1,0)))) | AH48: =IF(CQ48="","",ROUNDUP(ABS(CQ48),IF(ABS(CQ48)>1000,-2,IF(ABS(CQ48)>10,-1,0)))) | AK48: =IF(CT48="","",ROUNDUP((1+$P$42)*ABS(CT48),IF((1+$P$42)*ABS(CT48)>1000,-2,IF((1+$P$42)*ABS(CT48)>10,-1,0)))) | AQ48: =IF(CZ48="","",ROUNDUP((1+$P$42)*ABS(CZ48),IF((1+$P$42)*ABS(CZ48)>1000,-2,IF((1+$P$42)*ABS(CZ48)>10,-1,0)))) | BO48: =IF(OR(BI48="",BL48=""),"",IF(OR(AND(UPPER(BI48)="X",UPPER(BL48)="Y"),AND(UPPER(BI48)="Y",UPPER(BL48)="X")),"z",IF(OR(AND(UPPER(BI48)="X",UPPER(BL48)="Z"),AND(UPPER(BI48)="Z",UPPER(BL48)="X")),"y","x"))) | CB48: =IF($CB$7=0,"",INDIRECT("'Case "&COLUMN()-79&"'!R"&5+$CB$7&"C"&(COLUMN()+8+IF(UPPER(INDIRECT("BL"&10+$CB$7))="X",-11,IF(UPPER(INDIRECT("BL"&10+$CB$7))="Z",11,0)))/11,FALSE)) | CE48: =IF($CB$7=0,"",INDIRECT("'Case "&COLUMN()-81&"'!R"&5+$CB$7&"C"&(COLUMN()+5+IF(UPPER(INDIRECT("BL"&10+$CB$7))="X",-11,IF(UPPER(INDIRECT("BL"&10+$CB$7))="Z",11,0)))/11,FALSE)) | CH48: =IF($CB$7=0,"",INDIRECT("'Case "&COLUMN()-83&"'!R"&5+$CB$7&"C"&(COLUMN()+2+IF(UPPER(INDIRECT("BL"&10+$CB$7))="X",-11,IF(UPPER(INDIRECT("BL"&10+$CB$7))="Z",11,0)))/11,FALSE)) | CK48: =IF($CB$7=0,"",INDIRECT("'Case "&COLUMN()-85&"'!R"&5+$CB$7&"C"&(COLUMN()-1+IF(UPPER(INDIRECT("BL"&10+$CB$7))="X",-11,IF(UPPER(INDIRECT("BL"&10+$CB$7))="Z",11,0)))/11,FALSE)) | CN48: =IF($CB$7=0,"",INDIRECT("'Case "&COLUMN()-87&"'!R"&5+$CB$7&"C"&(COLUMN()-4+IF(UPPER(INDIRECT("BL"&10+$CB$7))="X",-11,IF(UPPER(INDIRECT("BL"&10+$CB$7))="Z",11,0)))/11,FALSE)) | CQ48: =IF($CB$7=0,"",INDIRECT("'Case "&COLUMN()-89&"'!R"&5+$CB$7&"C"&(COLUMN()-7+IF(UPPER(INDIRECT("BL"&10+$CB$7))="X",-11,IF(UPPER(INDIRECT("BL"&10+$CB$7))="Z",11,0)))/11,FALSE)) | CT48: =IF($CB$7=0,"",INDIRECT("'Case "&COLUMN()-91&"'!R"&5+$CB$7&"C"&(COLUMN()-10+IF(UPPER(INDIRECT("BL"&10+$CB$7))="X",-11,IF(UPPER(INDIRECT("BL"&10+$CB$7))="Z",11,0)))/11,FALSE)) | CW48: =IF($CB$7=0,"",INDIRECT("'Case "&COLUMN()-93&"'!R"&5+$CB$7&"C"&(COLUMN()-13+IF(UPPER(INDIRECT("BL"&10+$CB$7))="X",-11,IF(UPPER(INDIRECT("BL"&10+$CB$7))="Z",11,0)))/11,FALSE)) | CZ48: =IF($CB$7=0,"",INDIRECT("'Case "&COLUMN()-95&"'!R"&5+$CB$7&"C"&(COLUMN()-16+IF(UPPER(INDIRECT("BL"&10+$CB$7))="X",-11,IF(UPPER(INDIRECT("BL"&10+$CB$7))="Z",11,0)))/11,FALSE))
P49: Circumferential Load, FCIRC | R49: N | V49: =IF(CE49="","",ROUNDUP((1+$P$42)*ABS(CE49),IF((1+$P$42)*ABS(CE49)>1000,-2,IF((1+$P$42)*ABS(CE49)>10,-1,0)))) | Y49: =IF(CH49="","",ROUNDUP((1+$P$42)*ABS(CH49),IF((1+$P$42)*ABS(CH49)>1000,-2,IF((1+$P$42)*ABS(CH49)>10,-1,0)))) | AB49: =IF(CK49="","",ROUNDUP(ABS(CK49),IF(ABS(CK49)>1000,-2,IF(ABS(CK49)>10,-1,0)))) | AE49: =IF(CN49="","",ROUNDUP(ABS(CN49),IF(ABS(CN49)>1000,-2,IF(ABS(CN49)>10,-1,0)))) | AH49: =IF(CQ49="","",ROUNDUP(ABS(CQ49),IF(ABS(CQ49)>1000,-2,IF(ABS(CQ49)>10,-1,0)))) | AK49: =IF(CT49="","",ROUNDUP((1+$P$42)*ABS(CT49),IF((1+$P$42)*ABS(CT49)>1000,-2,IF((1+$P$42)*ABS(CT49)>10,-1,0)))) | AQ49: =IF(CZ49="","",ROUNDUP((1+$P$42)*ABS(CZ49),IF((1+$P$42)*ABS(CZ49)>1000,-2,IF((1+$P$42)*ABS(CZ49)>10,-1,0)))) | BO49: =IF(OR(BI49="",BL49=""),"",IF(OR(AND(UPPER(BI49)="X",UPPER(BL49)="Y"),AND(UPPER(BI49)="Y",UPPER(BL49)="X")),"z",IF(OR(AND(UPPER(BI49)="X",UPPER(BL49)="Z"),AND(UPPER(BI49)="Z",UPPER(BL49)="X")),"y","x"))) | CB49: =IF($CB$7=0,"",INDIRECT("'Case "&COLUMN()-79&"'!R"&5+$CB$7&"C"&(COLUMN()+19+IF(UPPER(INDIRECT("BO"&10+$CB$7))="X",-22,IF(UPPER(INDIRECT("BO"&10+$CB$7))="Y",-11,0)))/11,FALSE)) | CE49: =IF($CB$7=0,"",INDIRECT("'Case "&COLUMN()-81&"'!R"&5+$CB$7&"C"&(COLUMN()+16+IF(UPPER(INDIRECT("BO"&10+$CB$7))="X",-22,IF(UPPER(INDIRECT("BO"&10+$CB$7))="Y",-11,0)))/11,FALSE)) | CH49: =IF($CB$7=0,"",INDIRECT("'Case "&COLUMN()-83&"'!R"&5+$CB$7&"C"&(COLUMN()+13+IF(UPPER(INDIRECT("BO"&10+$CB$7))="X",-22,IF(UPPER(INDIRECT("BO"&10+$CB$7))="Y",-11,0)))/11,FALSE)) | CK49: =IF($CB$7=0,"",INDIRECT("'Case "&COLUMN()-85&"'!R"&5+$CB$7&"C"&(COLUMN()+10+IF(UPPER(INDIRECT("BO"&10+$CB$7))="X",-22,IF(UPPER(INDIRECT("BO"&10+$CB$7))="Y",-11,0)))/11,FALSE)) | CN49: =IF($CB$7=0,"",INDIRECT("'Case "&COLUMN()-87&"'!R"&5+$CB$7&"C"&(COLUMN()+7+IF(UPPER(INDIRECT("BO"&10+$CB$7))="X",-22,IF(UPPER(INDIRECT("BO"&10+$CB$7))="Y",-11,0)))/11,FALSE)) | CQ49: =IF($CB$7=0,"",INDIRECT("'Case "&COLUMN()-89&"'!R"&5+$CB$7&"C"&(COLUMN()+4+IF(UPPER(INDIRECT("BO"&10+$CB$7))="X",-22,IF(UPPER(INDIRECT("BO"&10+$CB$7))="Y",-11,0)))/11,FALSE)) | CT49: =IF($CB$7=0,"",INDIRECT("'Case "&COLUMN()-91&"'!R"&5+$CB$7&"C"&(COLUMN()+1+IF(UPPER(INDIRECT("BO"&10+$CB$7))="X",-22,IF(UPPER(INDIRECT("BO"&10+$CB$7))="Y",-11,0)))/11,FALSE)) | CW49: =IF($CB$7=0,"",INDIRECT("'Case "&COLUMN()-93&"'!R"&5+$CB$7&"C"&(COLUMN()-2+IF(UPPER(INDIRECT("BO"&10+$CB$7))="X",-22,IF(UPPER(INDIRECT("BO"&10+$CB$7))="Y",-11,0)))/11,FALSE)) | CZ49: =IF($CB$7=0,"",INDIRECT("'Case "&COLUMN()-95&"'!R"&5+$CB$7&"C"&(COLUMN()-5+IF(UPPER(INDIRECT("BO"&10+$CB$7))="X",-22,IF(UPPER(INDIRECT("BO"&10+$CB$7))="Y",-11,0)))/11,FALSE))
M50: Long. Bending Moment, ML | N50: FLONG * L | R50: Nm | S50: =IF(CB50=0,"",CB50/1000000) | V50: =IF(CE50=0,"",CE50/1000000) | Y50: =IF(CH50=0,"",CH50/1000000) | AB50: =IF(CK50=0,"",CK50/1000000) | AE50: =IF(CN50=0,"",CN50/1000000) | AH50: =IF(CQ50=0,"",CQ50/1000000) | AK50: =IF(CT50=0,"",CT50/1000000) | AN50: =IF(CW50=0,"",CW50/1000000) | AQ50: =IF(CZ50=0,"",CZ50/1000000) | BO50: =IF(OR(BI50="",BL50=""),"",IF(OR(AND(UPPER(BI50)="X",UPPER(BL50)="Y"),AND(UPPER(BI50)="Y",UPPER(BL50)="X")),"z",IF(OR(AND(UPPER(BI50)="X",UPPER(BL50)="Z"),AND(UPPER(BI50)="Z",UPPER(BL50)="X")),"y","x"))) | CB50: =IF(S48="",0,S48*$P23) -> 0 | CE50: =IF(V48="",0,V48*$P23) -> 0 | CH50: =IF(Y48="",0,Y48*$P23) -> 0 | CK50: =IF(AB48="",0,AB48*$P23) -> 0 | CN50: =IF(AE48="",0,AE48*$P23) -> 0 | CQ50: =IF(AH48="",0,AH48*$P23) -> 0 | CT50: =IF(AK48="",0,AK48*$P23) -> 0 | CW50: =IF(AN48="",0,AN48*$P23) -> 0 | CZ50: =IF(AQ48="",0,AQ48*$P23) -> 0
M51: Circum. Bending Moment, MC | N51: FCIRC * L | R51: Nm | S51: =IF(CB51=0,"",CB51/1000000) | V51: =IF(CE51=0,"",CE51/1000000) | Y51: =IF(CH51=0,"",CH51/1000000) | AB51: =IF(CK51=0,"",CK51/1000000) | AE51: =IF(CN51=0,"",CN51/1000000) | AH51: =IF(CQ51=0,"",CQ51/1000000) | AK51: =IF(CT51=0,"",CT51/1000000) | AN51: =IF(CW51=0,"",CW51/1000000) | AQ51: =IF(CZ51=0,"",CZ51/1000000) | BO51: =IF(OR(BI51="",BL51=""),"",IF(OR(AND(UPPER(BI51)="X",UPPER(BL51)="Y"),AND(UPPER(BI51)="Y",UPPER(BL51)="X")),"z",IF(OR(AND(UPPER(BI51)="X",UPPER(BL51)="Z"),AND(UPPER(BI51)="Z",UPPER(BL51)="X")),"y","x"))) | CB51: =IF(S49="",0,S49*$P23) -> 0 | CE51: =IF(V49="",0,V49*$P23) -> 0 | CH51: =IF(Y49="",0,Y49*$P23) -> 0 | CK51: =IF(AB49="",0,AB49*$P23) -> 0 | CN51: =IF(AE49="",0,AE49*$P23) -> 0 | CQ51: =IF(AH49="",0,AH49*$P23) -> 0 | CT51: =IF(AK49="",0,AK49*$P23) -> 0 | CW51: =IF(AN49="",0,AN49*$P23) -> 0 | CZ51: =IF(AQ49="",0,AQ49*$P23) -> 0
M52: Long. Pressure Stress, SLP | N52: P*R/(2*t) | R52: MPa | S52: =IF(CB51=0,"",CB52) | V52: =IF(CE51=0,"",CE52) | Y52: =IF(CH51=0,"",CH52) | AB52: =IF(CK51=0,"",CK52) | AE52: =IF(CN51=0,"",CN52) | AH52: =IF(CQ51=0,"",CQ52) | AK52: =IF(CT51=0,"",CT52) | AN52: =IF(CW51=0,"",CW52) | AQ52: =IF(CZ51=0,"",CZ52) | BO52: =IF(OR(BI52="",BL52=""),"",IF(OR(AND(UPPER(BI52)="X",UPPER(BL52)="Y"),AND(UPPER(BI52)="Y",UPPER(BL52)="X")),"z",IF(OR(AND(UPPER(BI52)="X",UPPER(BL52)="Z"),AND(UPPER(BI52)="Z",UPPER(BL52)="X")),"y","x"))) | CB52: =IF(OR($P32="",$P41=""),"",$P31/10*$P10/(2*$P41)) -> 0 | CE52: =IF(OR($P32="",$P41=""),"",$P31/10*$P10/(2*$P41)) -> 0 | CH52: =IF(OR($P32="",$P41=""),"",$P31/10*$P10/(2*$P41)) -> 0 | CK52: =IF(CK44="","",0/10*$P10/(2*$P41)) | CN52: =IF(CN44="","",0/10*$P10/(2*$P41)) | CQ52: =IF(CQ44="","",0/10*$P10/(2*$P41)) | CT52: =IF(OR($P32="",$P41=""),"",$P31/10*$P10/(2*$P41)) -> 0 | CW52: =IF(OR($P32="",$P41=""),"",$P31/10*$P10/(2*$P41)) -> 0 | CZ52: =IF(OR($P32="",$P41=""),"",$P31/10*$P10/(2*$P41)) -> 0
M53: Circum. Pressure Stress, SCP | N53: P*R/t | R53: MPa | S53: =IF(CB51=0,"",CB53) | V53: =IF(CE51=0,"",CE53) | Y53: =IF(CH51=0,"",CH53) | AB53: =IF(CK51=0,"",CK53) | AE53: =IF(CN51=0,"",CN53) | AH53: =IF(CQ51=0,"",CQ53) | AK53: =IF(CT51=0,"",CT53) | AN53: =IF(CW51=0,"",CW53) | AQ53: =IF(CZ51=0,"",CZ53) | BO53: =IF(OR(BI53="",BL53=""),"",IF(OR(AND(UPPER(BI53)="X",UPPER(BL53)="Y"),AND(UPPER(BI53)="Y",UPPER(BL53)="X")),"z",IF(OR(AND(UPPER(BI53)="X",UPPER(BL53)="Z"),AND(UPPER(BI53)="Z",UPPER(BL53)="X")),"y","x"))) | CB53: =IF(OR($P32="",$P41=""),"",$P31/10*$P10/$P41) -> 0 | CE53: =IF(OR($P32="",$P41=""),"",$P31/10*$P10/$P41) -> 0 | CH53: =IF(OR($P32="",$P41=""),"",$P31/10*$P10/$P41) -> 0 | CK53: =IF(CK44="","",0/10*$P10/$P41) | CN53: =IF(CN44="","",0/10*$P10/$P41) | CQ53: =IF(CQ44="","",0/10*$P10/$P41) | CT53: =IF(OR($P32="",$P41=""),"",$P31/10*$P10/$P41) -> 0 | CW53: =IF(OR($P32="",$P41=""),"",$P31/10*$P10/$P41) -> 0 | CZ53: =IF(OR($P32="",$P41=""),"",$P31/10*$P10/$P41) -> 0
D54: Trunnion Loading | S54: =IF(CB54=0,"",CB54) | V54: =IF(CE54=0,"",CE54) | Y54: =IF(CH54=0,"",CH54) | AB54: =IF(CK54=0,"",CK54) | AE54: =IF(CN54=0,"",CN54) | AH54: =IF(CQ54=0,"",CQ54) | AK54: =IF(CT54=0,"",CT54) | AN54: =IF(CW54=0,"",CW54) | AQ54: =IF(CZ54=0,"",CZ54) | BO54: =IF(OR(BI54="",BL54=""),"",IF(OR(AND(UPPER(BI54)="X",UPPER(BL54)="Y"),AND(UPPER(BI54)="Y",UPPER(BL54)="X")),"z",IF(OR(AND(UPPER(BI54)="X",UPPER(BL54)="Z"),AND(UPPER(BI54)="Z",UPPER(BL54)="X")),"y","x")))
M55: Long. Linear Load FL | N55: ML/AA | Q55: N/mm | S55: =IF(CB55=0,"",CB55) | V55: =IF(CE55=0,"",CE55) | Y55: =IF(CH55=0,"",CH55) | AB55: =IF(CK55=0,"",CK55) | AE55: =IF(CN55=0,"",CN55) | AH55: =IF(CQ55=0,"",CQ55) | AK55: =IF(CT55=0,"",CT55) | AN55: =IF(CW55=0,"",CW55) | AQ55: =IF(CZ55=0,"",CZ55) | BO55: =IF(OR(BI55="",BL55=""),"",IF(OR(AND(UPPER(BI55)="X",UPPER(BL55)="Y"),AND(UPPER(BI55)="Y",UPPER(BL55)="X")),"z",IF(OR(AND(UPPER(BI55)="X",UPPER(BL55)="Z"),AND(UPPER(BI55)="Z",UPPER(BL55)="X")),"y","x"))) | CB55: =CB50/$P39 -> 0 | CE55: =CE50/$P39 -> 0 | CH55: =CH50/$P39 -> 0 | CK55: =CK50/$P39 -> 0 | CN55: =CN50/$P39 -> 0 | CQ55: =CQ50/$P39 -> 0 | CT55: =IF(CT50="",0,CT50/$P39) -> 0 | CW55: =IF(CW50="",0,CW50/$P39) -> 0 | CZ55: =IF(CZ50="",0,CZ50/$P39) -> 0
M56: Circum. Linear Load FC | N56: MC/AA | Q56: N/mm | S56: =IF(CB56=0,"",CB56) | V56: =IF(CE56=0,"",CE56) | Y56: =IF(CH56=0,"",CH56) | AB56: =IF(CK56=0,"",CK56) | AE56: =IF(CN56=0,"",CN56) | AH56: =IF(CQ56=0,"",CQ56) | AK56: =IF(CT56=0,"",CT56) | AN56: =IF(CW56=0,"",CW56) | AQ56: =IF(CZ56=0,"",CZ56) | BO56: =IF(OR(BI56="",BL56=""),"",IF(OR(AND(UPPER(BI56)="X",UPPER(BL56)="Y"),AND(UPPER(BI56)="Y",UPPER(BL56)="X")),"z",IF(OR(AND(UPPER(BI56)="X",UPPER(BL56)="Z"),AND(UPPER(BI56)="Z",UPPER(BL56)="X")),"y","x"))) | CB56: =CB51/$P39 -> 0 | CE56: =CE51/$P39 -> 0 | CH56: =CH51/$P39 -> 0 | CK56: =CK51/$P39 -> 0 | CN56: =CN51/$P39 -> 0 | CQ56: =CQ51/$P39 -> 0 | CT56: =IF(CT51="",0,CT51/$P39) -> 0 | CW56: =IF(CW51="",0,CW51/$P39) -> 0 | CZ56: =IF(CZ51="",0,CZ51/$P39) -> 0
M57: Axial Linear Load FA | N57: FAXIAL/CA | Q57: N/mm | S57: =IF(CB57=0,"",CB57) | V57: =IF(CE57=0,"",CE57) | Y57: =IF(CH57=0,"",CH57) | AB57: =IF(CK57=0,"",CK57) | AE57: =IF(CN57=0,"",CN57) | AH57: =IF(CQ57=0,"",CQ57) | AK57: =IF(CT57=0,"",CT57) | AN57: =IF(CW57=0,"",CW57) | AQ57: =IF(CZ57=0,"",CZ57) | BO57: =IF(OR(BI57="",BL57=""),"",IF(OR(AND(UPPER(BI57)="X",UPPER(BL57)="Y"),AND(UPPER(BI57)="Y",UPPER(BL57)="X")),"z",IF(OR(AND(UPPER(BI57)="X",UPPER(BL57)="Z"),AND(UPPER(BI57)="Z",UPPER(BL57)="X")),"y","x"))) | CB57: =IF(S47="",0,S47/$P40) -> 0 | CE57: =IF(V47="",0,V47/$P40) -> 0 | CH57: =IF(Y47="",0,Y47/$P40) -> 0 | CK57: =IF(AB47="",0,AB47/$P40) -> 0 | CN57: =IF(AE47="",0,AE47/$P40) -> 0 | CQ57: =IF(AH47="",0,AH47/$P40) -> 0 | CT57: =IF(AK47="",0,AK47/$P40) -> 0 | CW57: =IF(AN47="",0,AN47/$P40) -> 0 | CZ57: =IF(AQ47="",0,AQ47/$P40) -> 0
D58: Stresses | S58: =IF(CB58=0,"",CB58) | V58: =IF(CE58=0,"",CE58) | Y58: =IF(CH58=0,"",CH58) | AB58: =IF(CK58=0,"",CK58) | AE58: =IF(CN58=0,"",CN58) | AH58: =IF(CQ58=0,"",CQ58) | AK58: =IF(CT58=0,"",CT58) | AN58: =IF(CW58=0,"",CW58) | AQ58: =IF(CZ58=0,"",CZ58) | BO58: =IF(OR(BI58="",BL58=""),"",IF(OR(AND(UPPER(BI58)="X",UPPER(BL58)="Y"),AND(UPPER(BI58)="Y",UPPER(BL58)="X")),"z",IF(OR(AND(UPPER(BI58)="X",UPPER(BL58)="Z"),AND(UPPER(BI58)="Z",UPPER(BL58)="X")),"y","x")))
J59: Long. Pipe Stress, SL | K59: 1.17*FL*R0.5/t1.5 | R59: MPa | S59: =IF(CB59=0,"",CB59) | V59: =IF(CE59=0,"",CE59) | Y59: =IF(CH59=0,"",CH59) | AB59: =IF(CK59=0,"",CK59) | AE59: =IF(CN59=0,"",CN59) | AH59: =IF(CQ59=0,"",CQ59) | AK59: =IF(CT59=0,"",CT59) | AN59: =IF(CW59=0,"",CW59) | AQ59: =IF(CZ59=0,"",CZ59) | BO59: =IF(OR(BI59="",BL59=""),"",IF(OR(AND(UPPER(BI59)="X",UPPER(BL59)="Y"),AND(UPPER(BI59)="Y",UPPER(BL59)="X")),"z",IF(OR(AND(UPPER(BI59)="X",UPPER(BL59)="Z"),AND(UPPER(BI59)="Z",UPPER(BL59)="X")),"y","x"))) | CB59: =1.17*CB55*SQRT($P10)/POWER($P41,1.5) -> 0 | CE59: =1.17*CE55*SQRT($P10)/POWER($P41,1.5) -> 0 | CH59: =1.17*CH55*SQRT($P10)/POWER($P41,1.5) -> 0 | CK59: =1.17*CK55*SQRT($P10)/POWER($P41,1.5) -> 0 | CN59: =1.17*CN55*SQRT($P10)/POWER($P41,1.5) -> 0 | CQ59: =1.17*CQ55*SQRT($P10)/POWER($P41,1.5) -> 0 | CT59: =IF(CT50="",0,1.17*CT55*SQRT($P10)/POWER($P41,1.5)) -> 0 | CW59: =IF(CW50="",0,1.17*CW55*SQRT($P10)/POWER($P41,1.5)) -> 0 | CZ59: =IF(CZ50="",0,1.17*CZ55*SQRT($P10)/POWER($P41,1.5)) -> 0
J60: Circum. Pipe Stress, SC | K60: 1.17*2FC*R0.5/t1.5 | R60: MPa | S60: =IF(CB60=0,"",CB60) | V60: =IF(CE60=0,"",CE60) | Y60: =IF(CH60=0,"",CH60) | AB60: =IF(CK60=0,"",CK60) | AE60: =IF(CN60=0,"",CN60) | AH60: =IF(CQ60=0,"",CQ60) | AK60: =IF(CT60=0,"",CT60) | AN60: =IF(CW60=0,"",CW60) | AQ60: =IF(CZ60=0,"",CZ60) | BO60: =IF(OR(BI60="",BL60=""),"",IF(OR(AND(UPPER(BI60)="X",UPPER(BL60)="Y"),AND(UPPER(BI60)="Y",UPPER(BL60)="X")),"z",IF(OR(AND(UPPER(BI60)="X",UPPER(BL60)="Z"),AND(UPPER(BI60)="Z",UPPER(BL60)="X")),"y","x"))) | CB60: =2.34*CB56*SQRT($P10)/POWER($P41,1.5) -> 0 | CE60: =2.34*CE56*SQRT($P10)/POWER($P41,1.5) -> 0 | CH60: =2.34*CH56*SQRT($P10)/POWER($P41,1.5) -> 0 | CK60: =2.34*CK56*SQRT($P10)/POWER($P41,1.5) -> 0 | CN60: =2.34*CN56*SQRT($P10)/POWER($P41,1.5) -> 0 | CQ60: =2.34*CQ56*SQRT($P10)/POWER($P41,1.5) -> 0 | CT60: =2.34*CT56*SQRT($P10)/POWER($P41,1.5) -> 0 | CW60: =2.34*CW56*SQRT($P10)/POWER($P41,1.5) -> 0 | CZ60: =2.34*CZ56*SQRT($P10)/POWER($P41,1.5) -> 0
J61: Axial Pipe Stress, SA | K61: 1.17*1.5FA*R0.5/t1.5 | R61: MPa | S61: =IF(CB61=0,"",CB61) | V61: =IF(CE61=0,"",CE61) | Y61: =IF(CH61=0,"",CH61) | AB61: =IF(CK61=0,"",CK61) | AE61: =IF(CN61=0,"",CN61) | AH61: =IF(CQ61=0,"",CQ61) | AK61: =IF(CT61=0,"",CT61) | AN61: =IF(CW61=0,"",CW61) | AQ61: =IF(CZ61=0,"",CZ61) | CB61: =1.5*1.17*CB57*SQRT($P10)/POWER($P41,1.5) -> 0 | CE61: =1.5*1.17*CE57*SQRT($P10)/POWER($P41,1.5) -> 0 | CH61: =1.5*1.17*CH57*SQRT($P10)/POWER($P41,1.5) -> 0 | CK61: =1.5*1.17*CK57*SQRT($P10)/POWER($P41,1.5) -> 0 | CN61: =1.5*1.17*CN57*SQRT($P10)/POWER($P41,1.5) -> 0 | CQ61: =1.5*1.17*CQ57*SQRT($P10)/POWER($P41,1.5) -> 0 | CT61: =1.5*1.17*CT57*SQRT($P10)/POWER($P41,1.5) -> 0 | CW61: =1.5*1.17*CW57*SQRT($P10)/POWER($P41,1.5) -> 0 | CZ61: =1.5*1.17*CZ57*SQRT($P10)/POWER($P41,1.5) -> 0
J62: Trunnion Stress, SL | R62: MPa | S62: =IF(CB62=0,"",CB62) | V62: =IF(CE62=0,"",CE62) | Y62: =IF(CH62=0,"",CH62) | AB62: =IF(CK62=0,"",CK62) | AE62: =IF(CN62=0,"",CN62) | AH62: =IF(CQ62=0,"",CQ62) | AK62: =IF(CT62=0,"",CT62) | AN62: =IF(CW62=0,"",CW62) | AQ62: =IF(CZ62=0,"",CZ62) | CB62: =SQRT(POWER(CB50,2)+POWER(CB51,2))/((PI()*(POWER($P18,4)-POWER($P22,4))/32/$P18)) -> 0 | CE62: =SQRT(POWER(CE50,2)+POWER(CE51,2))/((PI()*(POWER($P18,4)-POWER($P22,4))/32/$P18)) -> 0 | CH62: =SQRT(POWER(CH50,2)+POWER(CH51,2))/((PI()*(POWER($P18,4)-POWER($P22,4))/32/$P18)) -> 0 | CK62: =SQRT(POWER(CK50,2)+POWER(CK51,2))/((PI()*(POWER($P18,4)-POWER($P22,4))/32/$P18)) -> 0 | CN62: =SQRT(POWER(CN50,2)+POWER(CN51,2))/((PI()*(POWER($P18,4)-POWER($P22,4))/32/$P18)) -> 0 | CQ62: =SQRT(POWER(CQ50,2)+POWER(CQ51,2))/((PI()*(POWER($P18,4)-POWER($P22,4))/32/$P18)) -> 0 | CT62: =IF(OR(CT50="",CT51=""),0,SQRT(POWER(CT50,2)+POWER(CT51,2))/((PI()*(POWER($P18,4)-POWER($P22,4))/32/$P18))) -> 0 | CW62: =IF(OR(CW50="",CW51=""),0,SQRT(POWER(CW50,2)+POWER(CW51,2))/((PI()*(POWER($P18,4)-POWER($P22,4))/32/$P18))) -> 0 | CZ62: =IF(OR(CZ50="",CZ51=""),0,SQRT(POWER(CZ50,2)+POWER(CZ51,2))/((PI()*(POWER($P18,4)-POWER($P22,4))/32/$P18))) -> 0
D63: Allowable Stress Check | S63: =IF(CB63=0,"",CB63) | V63: =IF(CE63=0,"",CE63) | Y63: =IF(CH63=0,"",CH63) | AB63: =IF(CK63=0,"",CK63) | AE63: =IF(CN63=0,"",CN63) | AH63: =IF(CQ63=0,"",CQ63) | AK63: =IF(CT63=0,"",CT63) | AN63: =IF(CW63=0,"",CW63) | AQ63: =IF(CZ63=0,"",CZ63)
P64: SL + SA + SLP | R64: MPa | S64: =IF(CB64=0,"",CB64) | V64: =IF(CE64=0,"",CE64) | Y64: =IF(CH64=0,"",CH64) | AB64: =IF(CK64=0,"",CK64) | AE64: =IF(CN64=0,"",CN64) | AH64: =IF(CQ64=0,"",CQ64) | AK64: =IF(CT64=0,"",CT64) | AN64: =IF(CW64=0,"",CW64) | AQ64: =IF(CZ64=0,"",CZ64) | CB64: =IF(AND(CB50=0,CB51=0),0,CB59+CB61+CB52) -> 0 | CE64: =IF(AND(CE50=0,CE51=0),0,CE59+CE61+CE52) -> 0 | CH64: =IF(AND(CH50=0,CH51=0),0,CH59+CH61+CH52) -> 0 | CK64: =IF(AND(CK50=0,CK51=0),0,CK59+CK61+CK52) -> 0 | CN64: =IF(AND(CN50=0,CN51=0),0,CN59+CN61+CN52) -> 0 | CQ64: =IF(AND(CQ50=0,CQ51=0),0,CQ59+CQ61+CQ52) -> 0 | CT64: =IF(OR(CT50=0,CT51=0),0,CT59+CT61+CT52) -> 0 | CW64: =IF(OR(CW50=0,CW51=0),0,CW59+CW61+CW52) -> 0 | CZ64: =IF(OR(CZ50=0,CZ51=0),0,CZ59+CZ61+CZ52) -> 0
P65: <= 1.5Sh : Slo : 1.2Sy | R65: MPa | S65: =IF(CB65=0,"",CB65) | V65: =IF(CE65=0,"",CE65) | Y65: =IF(CH65=0,"",CH65) | AB65: =IF(CK65=0,"",CK65) | AE65: =IF(CN65=0,"",CN65) | AH65: =IF(CQ65=0,"",CQ65) | AK65: =IF(CT65=0,"",CT65) | AN65: =IF(CW65=0,"",CW65) | AQ65: =IF(CZ65=0,"",CZ65) | CB65: =IF(OR(CB50=0,CB51=0),0,IF(S45="(HYD)",2.4*$P$32,IF(S45="(FAT)",S46,IF(S45="(OCC)",1.5*1.33*$P$32,1.5*$P$32)))) -> 0 | CE65: =IF(OR(CE50=0,CE51=0),0,IF(V45="(HYD)",2.4*$P$32,IF(V45="(FAT)",V46,IF(V45="(OCC)",1.5*1.33*$P$32,1.5*$P$32)))) -> 0 | CH65: =IF(OR(CH50=0,CH51=0),0,IF(Y45="(HYD)",2.4*$P$32,IF(Y45="(FAT)",Y46,IF(Y45="(OCC)",1.5*1.33*$P$32,1.5*$P$32)))) -> 0 | CK65: =IF(OR(CK50=0,CK51=0),0,IF(AB45="(HYD)",2.4*$P$32,IF(AB45="(FAT)",AB46,IF(AB45="(OCC)",1.5*1.33*$P$32,1.5*$P$32)))) -> 0 | CN65: =IF(OR(CN50=0,CN51=0),0,IF(AE45="(HYD)",2.4*$P$32,IF(AE45="(FAT)",AE46,IF(AE45="(OCC)",1.5*1.33*$P$32,1.5*$P$32)))) -> 0 | CQ65: =IF(OR(CQ50=0,CQ51=0),0,IF(AH45="(HYD)",2.4*$P$32,IF(AH45="(FAT)",AH46,IF(AH45="(OCC)",1.5*1.33*$P$32,1.5*$P$32)))) -> 0 | CT65: =IF(OR(CT50=0,CT51=0),0,IF(AK45="(HYD)",2.4*$P$32,IF(AK45="(FAT)",AK46,IF(AK45="(OCC)",1.5*1.33*$P$32,1.5*$P$32)))) -> 0 | CW65: =IF(OR(CW50=0,CW51=0),0,IF(AN45="(HYD)",2.4*$P$32,IF(AN45="(FAT)",AN46,IF(AN45="(OCC)",1.5*1.33*$P$32,1.5*$P$32)))) -> 0 | CZ65: =IF(OR(CZ50=0,CZ51=0),0,IF(AQ45="(HYD)",2.4*$P$32,IF(AQ45="(FAT)",AQ46,IF(AQ45="(OCC)",1.5*1.33*$P$32,1.5*$P$32)))) -> 0
P66: SC + SA + SCP | R66: MPa | S66: =IF(CB66=0,"",CB66) | V66: =IF(CE66=0,"",CE66) | Y66: =IF(CH66=0,"",CH66) | AB66: =IF(CK66=0,"",CK66) | AE66: =IF(CN66=0,"",CN66) | AH66: =IF(CQ66=0,"",CQ66) | AK66: =IF(CT66=0,"",CT66) | AN66: =IF(CW66=0,"",CW66) | AQ66: =IF(CZ66=0,"",CZ66) | CB66: =IF(AND(CB50=0,CB51=0),0,CB60+CB61+CB53) -> 0 | CE66: =IF(AND(CE50=0,CE51=0),0,CE60+CE61+CE53) -> 0 | CH66: =IF(AND(CH50=0,CH51=0),0,CH60+CH61+CH53) -> 0 | CK66: =IF(AND(CK50=0,CK51=0),0,CK60+CK61+CK53) -> 0 | CN66: =IF(AND(CN50=0,CN51=0),0,CN60+CN61+CN53) -> 0 | CQ66: =IF(AND(CQ50=0,CQ51=0),0,CQ60+CQ61+CQ53) -> 0 | CT66: =IF(OR(CT50=0,CT51=0),0,CT60+CT61+CT53) -> 0 | CW66: =IF(OR(CW50=0,CW51=0),0,CW60+CW61+CW53) -> 0 | CZ66: =IF(OR(CZ50=0,CZ51=0),0,CZ60+CZ61+CZ53) -> 0
P67: <= 1.5Sh : Slo : 1.2Sy | R67: MPa | S67: =IF(CB67=0,"",CB67) | V67: =IF(CE67=0,"",CE67) | Y67: =IF(CH67=0,"",CH67) | AB67: =IF(CK67=0,"",CK67) | AE67: =IF(CN67=0,"",CN67) | AH67: =IF(CQ67=0,"",CQ67) | AK67: =IF(CT67=0,"",CT67) | AN67: =IF(CW67=0,"",CW67) | AQ67: =IF(CZ67=0,"",CZ67) | CB67: =IF(OR(CB50=0,CB51=0),0,IF(S45="(HYD)",2.4*$P$32,IF(S45="(FAT)",S46,IF(S45="(OCC)",1.33*1.5*$P$32,1.5*$P$32)))) -> 0 | CE67: =IF(OR(CE50=0,CE51=0),0,IF(V45="(HYD)",2.4*$P$32,IF(V45="(FAT)",V46,IF(V45="(OCC)",1.33*1.5*$P$32,1.5*$P$32)))) -> 0 | CH67: =IF(OR(CH50=0,CH51=0),0,IF(Y45="(HYD)",2.4*$P$32,IF(Y45="(FAT)",Y46,IF(Y45="(OCC)",1.33*1.5*$P$32,1.5*$P$32)))) -> 0 | CK67: =IF(OR(CK50=0,CK51=0),0,IF(AB45="(HYD)",2.4*$P$32,IF(AB45="(FAT)",AB46,IF(AB45="(OCC)",1.33*1.5*$P$32,1.5*$P$32)))) -> 0 | CN67: =IF(OR(CN50=0,CN51=0),0,IF(AE45="(HYD)",2.4*$P$32,IF(AE45="(FAT)",AE46,IF(AE45="(OCC)",1.33*1.5*$P$32,1.5*$P$32)))) -> 0 | CQ67: =IF(OR(CQ50=0,CQ51=0),0,IF(AH45="(HYD)",2.4*$P$32,IF(AH45="(FAT)",AH46,IF(AH45="(OCC)",1.33*1.5*$P$32,1.5*$P$32)))) -> 0 | CT67: =IF(OR(CT50=0,CT51=0),0,IF(AK45="(HYD)",2.4*$P$32,IF(AK45="(FAT)",AK46,IF(AK45="(OCC)",1.33*1.5*$P$32,1.5*$P$32)))) -> 0 | CW67: =IF(OR(CW50=0,CW51=0),0,IF(AN45="(HYD)",2.4*$P$32,IF(AN45="(FAT)",AN46,IF(AN45="(OCC)",1.33*1.5*$P$32,1.5*$P$32)))) -> 0 | CZ67: =IF(OR(CZ50=0,CZ51=0),0,IF(AQ45="(HYD)",2.4*$P$32,IF(AQ45="(FAT)",AQ46,IF(AQ45="(OCC)",1.33*1.5*$P$32,1.5*$P$32)))) -> 0
P68: SL | R68: MPa | S68: =IF(CB68=0,"",CB68) | V68: =IF(CE68=0,"",CE68) | Y68: =IF(CH68=0,"",CH68) | AB68: =IF(CK68=0,"",CK68) | AE68: =IF(CN68=0,"",CN68) | AH68: =IF(CQ68=0,"",CQ68) | AK68: =IF(CT68=0,"",CT68) | AN68: =IF(CW68=0,"",CW68) | AQ68: =IF(CZ68=0,"",CZ68) | CB68: =IF(AND(CB50=0,CB51=0),0,CB62) -> 0 | CE68: =IF(AND(CE50=0,CE51=0),0,CE62) -> 0 | CH68: =IF(AND(CH50=0,CH51=0),0,CH62) -> 0 | CK68: =IF(AND(CK50=0,CK51=0),0,CK62) -> 0 | CN68: =IF(AND(CN50=0,CN51=0),0,CN62) -> 0 | CQ68: =IF(AND(CQ50=0,CQ51=0),0,CQ62) -> 0 | CT68: =IF(OR(CT50="",CT51=""),0,CT62) -> 0 | CW68: =IF(OR(CW50="",CW51=""),0,CW62) -> 0 | CZ68: =IF(OR(CZ50="",CZ51=""),0,CZ62) -> 0
P69: <= Sh : Slo : Sy | R69: MPa | S69: =IF(CB69=0,"",CB69) | V69: =IF(CE69=0,"",CE69) | Y69: =IF(CH69=0,"",CH69) | AB69: =IF(CK69=0,"",CK69) | AE69: =IF(CN69=0,"",CN69) | AH69: =IF(CQ69=0,"",CQ69) | AK69: =IF(CT69=0,"",CT69) | AN69: =IF(CW69=0,"",CW69) | AQ69: =IF(CZ69=0,"",CZ69) | CB69: =IF(AND(CB50=0,CB51=0),0,S46) -> 0 | CE69: =IF(AND(CE50=0,CE51=0),0,V46) -> 0 | CH69: =IF(AND(CH50=0,CH51=0),0,Y46) -> 0 | CK69: =IF(AND(CK50=0,CK51=0),0,AB46) -> 0 | CN69: =IF(AND(CN50=0,CN51=0),0,AE46) -> 0 | CQ69: =IF(AND(CQ50=0,CQ51=0),0,AH46) -> 0 | CT69: =IF(OR(CT50=0,CT51=0),0,AK46) -> 0 | CW69: =IF(OR(CW50=0,CW51=0),0,AN46) -> 0 | CZ69: =IF(OR(CZ50=0,CZ51=0),0,AQ46) -> 0
S70: =IF(AND(S64="",S65="",S66="",S67="",S68="",S69=""),"",IF(AND(S65>S64,S67>S66,S69>S68),"PASSED","FAILED")) | V70: =IF(AND(V64="",V65="",V66="",V67="",V68="",V69=""),"",IF(AND(V65>V64,V67>V66,V69>V68),"PASSED","FAILED")) | Y70: =IF(AND(Y64="",Y65="",Y66="",Y67="",Y68="",Y69=""),"",IF(AND(Y65>Y64,Y67>Y66,Y69>Y68),"PASSED","FAILED")) | AB70: =IF(AND(AB64="",AB65="",AB66="",AB67="",AB68="",AB69=""),"",IF(AND(AB65>AB64,AB67>AB66,AB69>AB68),"PASSED","FAILED")) | AE70: =IF(AND(AE64="",AE65="",AE66="",AE67="",AE68="",AE69=""),"",IF(AND(AE65>AE64,AE67>AE66,AE69>AE68),"PASSED","FAILED")) | AH70: =IF(AND(AH64="",AH65="",AH66="",AH67="",AH68="",AH69=""),"",IF(AND(AH65>AH64,AH67>AH66,AH69>AH68),"PASSED","FAILED")) | AK70: =IF(AND(AK64="",AK65="",AK66="",AK67="",AK68="",AK69=""),"",IF(AND(AK65>AK64,AK67>AK66,AK69>AK68),"PASSED","FAILED")) | AN70: =IF(AND(AN64="",AN65="",AN66="",AN67="",AN68="",AN69=""),"",IF(AND(AN65>AN64,AN67>AN66,AN69>AN68),"PASSED","FAILED")) | AQ70: =IF(AND(AQ64="",AQ65="",AQ66="",AQ67="",AQ68="",AQ69=""),"",IF(AND(AQ65>AQ64,AQ67>AQ66,AQ69>AQ68),"PASSED","FAILED"))

Sheet Case 1
B1: ELEMENT | C1: AXIAL | D1: SHEAR | E1: BENDING | F1: TORSION | G1: -----------Forces(N. | H1: )----------- | I1: ---------Moments(N.m. | J1: )------
B2: NODES: | C2: FORCE | D2: FORCE | E2: MOMENT | F2: MOMENT | G2: FX | H2: FY | I2: FZ | J2: MX | K2: MY | L2: MZ
B4: CASE | C4: =IF(P1="","","L"&MID(INDIRECT("P"&L4),6,2)) | D4: =IF(P1="","",MID(INDIRECT("P"&L4),SEARCH("(",INDIRECT("P"&L4),1)+1,3)) | E4: =IF(P1="","",MID(INDIRECT("P"&L4),SEARCH(")",INDIRECT("P"&L4),1)+2,LEN(INDIRECT("P"&L4)))) | L4: =IF(P1="","",MATCH("CASE*",P1:P10,0)) | M4: =ROUND(COUNT(P:P)*1.6,0) -> 0
B6: =IF(Calculation!BE11="","",Calculation!BE11) | C6: =IF($M$4=0,"",VLOOKUP($B6,INDIRECT("$P$1:$Z$"&$M$4),COLUMN()-1,0)) | D6: =IF($M$4=0,"",VLOOKUP($B6,INDIRECT("$P$1:$Z$"&$M$4),COLUMN()-1,0)) | E6: =IF($M$4=0,"",VLOOKUP($B6,INDIRECT("$P$1:$Z$"&$M$4),COLUMN()-1,0)) | F6: =IF($M$4=0,"",VLOOKUP($B6,INDIRECT("$P$1:$Z$"&$M$4),COLUMN()-1,0)) | G6: =IF($M$4=0,"",VLOOKUP($B6,INDIRECT("$P$1:$Z$"&$M$4),COLUMN()-1,0)) | H6: =IF($M$4=0,"",VLOOKUP($B6,INDIRECT("$P$1:$Z$"&$M$4),COLUMN()-1,0)) | I6: =IF($M$4=0,"",VLOOKUP($B6,INDIRECT("$P$1:$Z$"&$M$4),COLUMN()-1,0)) | J6: =IF($M$4=0,"",VLOOKUP($B6,INDIRECT("$P$1:$Z$"&$M$4),COLUMN()-1,0)) | ... L6: =IF($M$4=0,"",VLOOKUP($B6,INDIRECT("$P$1:$Z$"&$M$4),COLUMN()-1,0))
B7: =IF(Calculation!BE12="","",Calculation!BE12) | C7: =IF($M$4=0,"",VLOOKUP($B7,INDIRECT("$P$1:$Z$"&$M$4),COLUMN()-1,0)) | D7: =IF($M$4=0,"",VLOOKUP($B7,INDIRECT("$P$1:$Z$"&$M$4),COLUMN()-1,0)) | E7: =IF($M$4=0,"",VLOOKUP($B7,INDIRECT("$P$1:$Z$"&$M$4),COLUMN()-1,0)) | F7: =IF($M$4=0,"",VLOOKUP($B7,INDIRECT("$P$1:$Z$"&$M$4),COLUMN()-1,0)) | G7: =IF($M$4=0,"",VLOOKUP($B7,INDIRECT("$P$1:$Z$"&$M$4),COLUMN()-1,0)) | H7: =IF($M$4=0,"",VLOOKUP($B7,INDIRECT("$P$1:$Z$"&$M$4),COLUMN()-1,0)) | I7: =IF($M$4=0,"",VLOOKUP($B7,INDIRECT("$P$1:$Z$"&$M$4),COLUMN()-1,0)) | J7: =IF($M$4=0,"",VLOOKUP($B7,INDIRECT("$P$1:$Z$"&$M$4),COLUMN()-1,0)) | ... L7: =IF($M$4=0,"",VLOOKUP($B7,INDIRECT("$P$1:$Z$"&$M$4),COLUMN()-1,0))
B8: =IF(Calculation!BE13="","",Calculation!BE13) | C8: =IF($M$4=0,"",VLOOKUP($B8,INDIRECT("$P$1:$Z$"&$M$4),COLUMN()-1,0)) | D8: =IF($M$4=0,"",VLOOKUP($B8,INDIRECT("$P$1:$Z$"&$M$4),COLUMN()-1,0)) | E8: =IF($M$4=0,"",VLOOKUP($B8,INDIRECT("$P$1:$Z$"&$M$4),COLUMN()-1,0)) | F8: =IF($M$4=0,"",VLOOKUP($B8,INDIRECT("$P$1:$Z$"&$M$4),COLUMN()-1,0)) | G8: =IF($M$4=0,"",VLOOKUP($B8,INDIRECT("$P$1:$Z$"&$M$4),COLUMN()-1,0)) | H8: =IF($M$4=0,"",VLOOKUP($B8,INDIRECT("$P$1:$Z$"&$M$4),COLUMN()-1,0)) | I8: =IF($M$4=0,"",VLOOKUP($B8,INDIRECT("$P$1:$Z$"&$M$4),COLUMN()-1,0)) | J8: =IF($M$4=0,"",VLOOKUP($B8,INDIRECT("$P$1:$Z$"&$M$4),COLUMN()-1,0)) | ... L8: =IF($M$4=0,"",VLOOKUP($B8,INDIRECT("$P$1:$Z$"&$M$4),COLUMN()-1,0))
B9: =IF(Calculation!BE14="","",Calculation!BE14) | C9: =IF($M$4=0,"",VLOOKUP($B9,INDIRECT("$P$1:$Z$"&$M$4),COLUMN()-1,0)) | D9: =IF($M$4=0,"",VLOOKUP($B9,INDIRECT("$P$1:$Z$"&$M$4),COLUMN()-1,0)) | E9: =IF($M$4=0,"",VLOOKUP($B9,INDIRECT("$P$1:$Z$"&$M$4),COLUMN()-1,0)) | F9: =IF($M$4=0,"",VLOOKUP($B9,INDIRECT("$P$1:$Z$"&$M$4),COLUMN()-1,0)) | G9: =IF($M$4=0,"",VLOOKUP($B9,INDIRECT("$P$1:$Z$"&$M$4),COLUMN()-1,0)) | H9: =IF($M$4=0,"",VLOOKUP($B9,INDIRECT("$P$1:$Z$"&$M$4),COLUMN()-1,0)) | I9: =IF($M$4=0,"",VLOOKUP($B9,INDIRECT("$P$1:$Z$"&$M$4),COLUMN()-1,0)) | J9: =IF($M$4=0,"",VLOOKUP($B9,INDIRECT("$P$1:$Z$"&$M$4),COLUMN()-1,0)) | ... L9: =IF($M$4=0,"",VLOOKUP($B9,INDIRECT("$P$1:$Z$"&$M$4),COLUMN()-1,0))
B10: =IF(Calculation!BE15="","",Calculation!BE15) | C10: =IF($M$4=0,"",VLOOKUP($B10,INDIRECT("$P$1:$Z$"&$M$4),COLUMN()-1,0)) | D10: =IF($M$4=0,"",VLOOKUP($B10,INDIRECT("$P$1:$Z$"&$M$4),COLUMN()-1,0)) | E10: =IF($M$4=0,"",VLOOKUP($B10,INDIRECT("$P$1:$Z$"&$M$4),COLUMN()-1,0)) | F10: =IF($M$4=0,"",VLOOKUP($B10,INDIRECT("$P$1:$Z$"&$M$4),COLUMN()-1,0)) | G10: =IF($M$4=0,"",VLOOKUP($B10,INDIRECT("$P$1:$Z$"&$M$4),COLUMN()-1,0)) | H10: =IF($M$4=0,"",VLOOKUP($B10,INDIRECT("$P$1:$Z$"&$M$4),COLUMN()-1,0)) | I10: =IF($M$4=0,"",VLOOKUP($B10,INDIRECT("$P$1:$Z$"&$M$4),COLUMN()-1,0)) | J10: =IF($M$4=0,"",VLOOKUP($B10,INDIRECT("$P$1:$Z$"&$M$4),COLUMN()-1,0)) | ... L10: =IF($M$4=0,"",VLOOKUP($B10,INDIRECT("$P$1:$Z$"&$M$4),COLUMN()-1,0))
B11: =IF(Calculation!BE16="","",Calculation!BE16) | C11: =IF($M$4=0,"",VLOOKUP($B11,INDIRECT("$P$1:$Z$"&$M$4),COLUMN()-1,0)) | D11: =IF($M$4=0,"",VLOOKUP($B11,INDIRECT("$P$1:$Z$"&$M$4),COLUMN()-1,0)) | E11: =IF($M$4=0,"",VLOOKUP($B11,INDIRECT("$P$1:$Z$"&$M$4),COLUMN()-1,0)) | F11: =IF($M$4=0,"",VLOOKUP($B11,INDIRECT("$P$1:$Z$"&$M$4),COLUMN()-1,0)) | G11: =IF($M$4=0,"",VLOOKUP($B11,INDIRECT("$P$1:$Z$"&$M$4),COLUMN()-1,0)) | H11: =IF($M$4=0,"",VLOOKUP($B11,INDIRECT("$P$1:$Z$"&$M$4),COLUMN()-1,0)) | I11: =IF($M$4=0,"",VLOOKUP($B11,INDIRECT("$P$1:$Z$"&$M$4),COLUMN()-1,0)) | J11: =IF($M$4=0,"",VLOOKUP($B11,INDIRECT("$P$1:$Z$"&$M$4),COLUMN()-1,0)) | ... L11: =IF($M$4=0,"",VLOOKUP($B11,INDIRECT("$P$1:$Z$"&$M$4),COLUMN()-1,0))
B12: =IF(Calculation!BE17="","",Calculation!BE17) | C12: =IF($M$4=0,"",VLOOKUP($B12,INDIRECT("$P$1:$Z$"&$M$4),COLUMN()-1,0)) | D12: =IF($M$4=0,"",VLOOKUP($B12,INDIRECT("$P$1:$Z$"&$M$4),COLUMN()-1,0)) | E12: =IF($M$4=0,"",VLOOKUP($B12,INDIRECT("$P$1:$Z$"&$M$4),COLUMN()-1,0)) | F12: =IF($M$4=0,"",VLOOKUP($B12,INDIRECT("$P$1:$Z$"&$M$4),COLUMN()-1,0)) | G12: =IF($M$4=0,"",VLOOKUP($B12,INDIRECT("$P$1:$Z$"&$M$4),COLUMN()-1,0)) | H12: =IF($M$4=0,"",VLOOKUP($B12,INDIRECT("$P$1:$Z$"&$M$4),COLUMN()-1,0)) | I12: =IF($M$4=0,"",VLOOKUP($B12,INDIRECT("$P$1:$Z$"&$M$4),COLUMN()-1,0)) | J12: =IF($M$4=0,"",VLOOKUP($B12,INDIRECT("$P$1:$Z$"&$M$4),COLUMN()-1,0)) | ... L12: =IF($M$4=0,"",VLOOKUP($B12,INDIRECT("$P$1:$Z$"&$M$4),COLUMN()-1,0))
B13: =IF(Calculation!BE18="","",Calculation!BE18) | C13: =IF($M$4=0,"",VLOOKUP($B13,INDIRECT("$P$1:$Z$"&$M$4),COLUMN()-1,0)) | D13: =IF($M$4=0,"",VLOOKUP($B13,INDIRECT("$P$1:$Z$"&$M$4),COLUMN()-1,0)) | E13: =IF($M$4=0,"",VLOOKUP($B13,INDIRECT("$P$1:$Z$"&$M$4),COLUMN()-1,0)) | F13: =IF($M$4=0,"",VLOOKUP($B13,INDIRECT("$P$1:$Z$"&$M$4),COLUMN()-1,0)) | G13: =IF($M$4=0,"",VLOOKUP($B13,INDIRECT("$P$1:$Z$"&$M$4),COLUMN()-1,0)) | H13: =IF($M$4=0,"",VLOOKUP($B13,INDIRECT("$P$1:$Z$"&$M$4),COLUMN()-1,0)) | I13: =IF($M$4=0,"",VLOOKUP($B13,INDIRECT("$P$1:$Z$"&$M$4),COLUMN()-1,0)) | J13: =IF($M$4=0,"",VLOOKUP($B13,INDIRECT("$P$1:$Z$"&$M$4),COLUMN()-1,0)) | ... L13: =IF($M$4=0,"",VLOOKUP($B13,INDIRECT("$P$1:$Z$"&$M$4),COLUMN()-1,0))
B14: =IF(Calculation!BE19="","",Calculation!BE19) | C14: =IF($M$4=0,"",VLOOKUP($B14,INDIRECT("$P$1:$Z$"&$M$4),COLUMN()-1,0)) | D14: =IF($M$4=0,"",VLOOKUP($B14,INDIRECT("$P$1:$Z$"&$M$4),COLUMN()-1,0)) | E14: =IF($M$4=0,"",VLOOKUP($B14,INDIRECT("$P$1:$Z$"&$M$4),COLUMN()-1,0)) | F14: =IF($M$4=0,"",VLOOKUP($B14,INDIRECT("$P$1:$Z$"&$M$4),COLUMN()-1,0)) | G14: =IF($M$4=0,"",VLOOKUP($B14,INDIRECT("$P$1:$Z$"&$M$4),COLUMN()-1,0)) | H14: =IF($M$4=0,"",VLOOKUP($B14,INDIRECT("$P$1:$Z$"&$M$4),COLUMN()-1,0)) | I14: =IF($M$4=0,"",VLOOKUP($B14,INDIRECT("$P$1:$Z$"&$M$4),COLUMN()-1,0)) | J14: =IF($M$4=0,"",VLOOKUP($B14,INDIRECT("$P$1:$Z$"&$M$4),COLUMN()-1,0)) | ... L14: =IF($M$4=0,"",VLOOKUP($B14,INDIRECT("$P$1:$Z$"&$M$4),COLUMN()-1,0))
B15: =IF(Calculation!BE20="","",Calculation!BE20) | C15: =IF($M$4=0,"",VLOOKUP($B15,INDIRECT("$P$1:$Z$"&$M$4),COLUMN()-1,0)) | D15: =IF($M$4=0,"",VLOOKUP($B15,INDIRECT("$P$1:$Z$"&$M$4),COLUMN()-1,0)) | E15: =IF($M$4=0,"",VLOOKUP($B15,INDIRECT("$P$1:$Z$"&$M$4),COLUMN()-1,0)) | F15: =IF($M$4=0,"",VLOOKUP($B15,INDIRECT("$P$1:$Z$"&$M$4),COLUMN()-1,0)) | G15: =IF($M$4=0,"",VLOOKUP($B15,INDIRECT("$P$1:$Z$"&$M$4),COLUMN()-1,0)) | H15: =IF($M$4=0,"",VLOOKUP($B15,INDIRECT("$P$1:$Z$"&$M$4),COLUMN()-1,0)) | I15: =IF($M$4=0,"",VLOOKUP($B15,INDIRECT("$P$1:$Z$"&$M$4),COLUMN()-1,0)) | J15: =IF($M$4=0,"",VLOOKUP($B15,INDIRECT("$P$1:$Z$"&$M$4),COLUMN()-1,0)) | ... L15: =IF($M$4=0,"",VLOOKUP($B15,INDIRECT("$P$1:$Z$"&$M$4),COLUMN()-1,0))
B16: =IF(Calculation!BE21="","",Calculation!BE21) | C16: =IF($M$4=0,"",VLOOKUP($B16,INDIRECT("$P$1:$Z$"&$M$4),COLUMN()-1,0)) | D16: =IF($M$4=0,"",VLOOKUP($B16,INDIRECT("$P$1:$Z$"&$M$4),COLUMN()-1,0)) | E16: =IF($M$4=0,"",VLOOKUP($B16,INDIRECT("$P$1:$Z$"&$M$4),COLUMN()-1,0)) | F16: =IF($M$4=0,"",VLOOKUP($B16,INDIRECT("$P$1:$Z$"&$M$4),COLUMN()-1,0)) | G16: =IF($M$4=0,"",VLOOKUP($B16,INDIRECT("$P$1:$Z$"&$M$4),COLUMN()-1,0)) | H16: =IF($M$4=0,"",VLOOKUP($B16,INDIRECT("$P$1:$Z$"&$M$4),COLUMN()-1,0)) | I16: =IF($M$4=0,"",VLOOKUP($B16,INDIRECT("$P$1:$Z$"&$M$4),COLUMN()-1,0)) | J16: =IF($M$4=0,"",VLOOKUP($B16,INDIRECT("$P$1:$Z$"&$M$4),COLUMN()-1,0)) | ... L16: =IF($M$4=0,"",VLOOKUP($B16,INDIRECT("$P$1:$Z$"&$M$4),COLUMN()-1,0))
B17: =IF(Calculation!BE22="","",Calculation!BE22) | C17: =IF($M$4=0,"",VLOOKUP($B17,INDIRECT("$P$1:$Z$"&$M$4),COLUMN()-1,0)) | D17: =IF($M$4=0,"",VLOOKUP($B17,INDIRECT("$P$1:$Z$"&$M$4),COLUMN()-1,0)) | E17: =IF($M$4=0,"",VLOOKUP($B17,INDIRECT("$P$1:$Z$"&$M$4),COLUMN()-1,0)) | F17: =IF($M$4=0,"",VLOOKUP($B17,INDIRECT("$P$1:$Z$"&$M$4),COLUMN()-1,0)) | G17: =IF($M$4=0,"",VLOOKUP($B17,INDIRECT("$P$1:$Z$"&$M$4),COLUMN()-1,0)) | H17: =IF($M$4=0,"",VLOOKUP($B17,INDIRECT("$P$1:$Z$"&$M$4),COLUMN()-1,0)) | I17: =IF($M$4=0,"",VLOOKUP($B17,INDIRECT("$P$1:$Z$"&$M$4),COLUMN()-1,0)) | J17: =IF($M$4=0,"",VLOOKUP($B17,INDIRECT("$P$1:$Z$"&$M$4),COLUMN()-1,0)) | ... L17: =IF($M$4=0,"",VLOOKUP($B17,INDIRECT("$P$1:$Z$"&$M$4),COLUMN()-1,0))
... B40: =IF(Calculation!BE45="","",Calculation!BE45) | C40: =IF($M$4=0,"",VLOOKUP($B40,INDIRECT("$P$1:$Z$"&$M$4),COLUMN()-1,0)) | D40: =IF($M$4=0,"",VLOOKUP($B40,INDIRECT("$P$1:$Z$"&$M$4),COLUMN()-1,0)) | E40: =IF($M$4=0,"",VLOOKUP($B40,INDIRECT("$P$1:$Z$"&$M$4),COLUMN()-1,0)) | F40: =IF($M$4=0,"",VLOOKUP($B40,INDIRECT("$P$1:$Z$"&$M$4),COLUMN()-1,0)) | G40: =IF($M$4=0,"",VLOOKUP($B40,INDIRECT("$P$1:$Z$"&$M$4),COLUMN()-1,0)) | H40: =IF($M$4=0,"",VLOOKUP($B40,INDIRECT("$P$1:$Z$"&$M$4),COLUMN()-1,0)) | I40: =IF($M$4=0,"",VLOOKUP($B40,INDIRECT("$P$1:$Z$"&$M$4),COLUMN()-1,0)) | J40: =IF($M$4=0,"",VLOOKUP($B40,INDIRECT("$P$1:$Z$"&$M$4),COLUMN()-1,0)) | ... L40: =IF($M$4=0,"",VLOOKUP($B40,INDIRECT("$P$1:$Z$"&$M$4),COLUMN()-1,0))
B41: =IF(Calculation!BE47="","",Calculation!BE47) | C41: =IF($M$4=0,"",VLOOKUP($B41,INDIRECT("$P$1:$Z$"&$M$4),COLUMN()-1,0)) | D41: =IF($M$4=0,"",VLOOKUP($B41,INDIRECT("$P$1:$Z$"&$M$4),COLUMN()-1,0)) | E41: =IF($M$4=0,"",VLOOKUP($B41,INDIRECT("$P$1:$Z$"&$M$4),COLUMN()-1,0)) | F41: =IF($M$4=0,"",VLOOKUP($B41,INDIRECT("$P$1:$Z$"&$M$4),COLUMN()-1,0)) | G41: =IF($M$4=0,"",VLOOKUP($B41,INDIRECT("$P$1:$Z$"&$M$4),COLUMN()-1,0)) | H41: =IF($M$4=0,"",VLOOKUP($B41,INDIRECT("$P$1:$Z$"&$M$4),COLUMN()-1,0)) | I41: =IF($M$4=0,"",VLOOKUP($B41,INDIRECT("$P$1:$Z$"&$M$4),COLUMN()-1,0)) | J41: =IF($M$4=0,"",VLOOKUP($B41,INDIRECT("$P$1:$Z$"&$M$4),COLUMN()-1,0)) | ... L41: =IF($M$4=0,"",VLOOKUP($B41,INDIRECT("$P$1:$Z$"&$M$4),COLUMN()-1,0))
B42: =IF(Calculation!BE48="","",Calculation!BE48) | C42: =IF($M$4=0,"",VLOOKUP($B42,INDIRECT("$P$1:$Z$"&$M$4),COLUMN()-1,0)) | D42: =IF($M$4=0,"",VLOOKUP($B42,INDIRECT("$P$1:$Z$"&$M$4),COLUMN()-1,0)) | E42: =IF($M$4=0,"",VLOOKUP($B42,INDIRECT("$P$1:$Z$"&$M$4),COLUMN()-1,0)) | F42: =IF($M$4=0,"",VLOOKUP($B42,INDIRECT("$P$1:$Z$"&$M$4),COLUMN()-1,0)) | G42: =IF($M$4=0,"",VLOOKUP($B42,INDIRECT("$P$1:$Z$"&$M$4),COLUMN()-1,0)) | H42: =IF($M$4=0,"",VLOOKUP($B42,INDIRECT("$P$1:$Z$"&$M$4),COLUMN()-1,0)) | I42: =IF($M$4=0,"",VLOOKUP($B42,INDIRECT("$P$1:$Z$"&$M$4),COLUMN()-1,0)) | J42: =IF($M$4=0,"",VLOOKUP($B42,INDIRECT("$P$1:$Z$"&$M$4),COLUMN()-1,0)) | ... L42: =IF($M$4=0,"",VLOOKUP($B42,INDIRECT("$P$1:$Z$"&$M$4),COLUMN()-1,0))
B43: =IF(Calculation!BE49="","",Calculation!BE49) | C43: =IF($M$4=0,"",VLOOKUP($B43,INDIRECT("$P$1:$Z$"&$M$4),COLUMN()-1,0)) | D43: =IF($M$4=0,"",VLOOKUP($B43,INDIRECT("$P$1:$Z$"&$M$4),COLUMN()-1,0)) | E43: =IF($M$4=0,"",VLOOKUP($B43,INDIRECT("$P$1:$Z$"&$M$4),COLUMN()-1,0)) | F43: =IF($M$4=0,"",VLOOKUP($B43,INDIRECT("$P$1:$Z$"&$M$4),COLUMN()-1,0)) | G43: =IF($M$4=0,"",VLOOKUP($B43,INDIRECT("$P$1:$Z$"&$M$4),COLUMN()-1,0)) | H43: =IF($M$4=0,"",VLOOKUP($B43,INDIRECT("$P$1:$Z$"&$M$4),COLUMN()-1,0)) | I43: =IF($M$4=0,"",VLOOKUP($B43,INDIRECT("$P$1:$Z$"&$M$4),COLUMN()-1,0)) | J43: =IF($M$4=0,"",VLOOKUP($B43,INDIRECT("$P$1:$Z$"&$M$4),COLUMN()-1,0)) | ... L43: =IF($M$4=0,"",VLOOKUP($B43,INDIRECT("$P$1:$Z$"&$M$4),COLUMN()-1,0))
B44: =IF(Calculation!BE50="","",Calculation!BE50) | C44: =IF($M$4=0,"",VLOOKUP($B44,INDIRECT("$P$1:$Z$"&$M$4),COLUMN()-1,0)) | D44: =IF($M$4=0,"",VLOOKUP($B44,INDIRECT("$P$1:$Z$"&$M$4),COLUMN()-1,0)) | E44: =IF($M$4=0,"",VLOOKUP($B44,INDIRECT("$P$1:$Z$"&$M$4),COLUMN()-1,0)) | F44: =IF($M$4=0,"",VLOOKUP($B44,INDIRECT("$P$1:$Z$"&$M$4),COLUMN()-1,0)) | G44: =IF($M$4=0,"",VLOOKUP($B44,INDIRECT("$P$1:$Z$"&$M$4),COLUMN()-1,0)) | H44: =IF($M$4=0,"",VLOOKUP($B44,INDIRECT("$P$1:$Z$"&$M$4),COLUMN()-1,0)) | I44: =IF($M$4=0,"",VLOOKUP($B44,INDIRECT("$P$1:$Z$"&$M$4),COLUMN()-1,0)) | J44: =IF($M$4=0,"",VLOOKUP($B44,INDIRECT("$P$1:$Z$"&$M$4),COLUMN()-1,0)) | ... L44: =IF($M$4=0,"",VLOOKUP($B44,INDIRECT("$P$1:$Z$"&$M$4),COLUMN()-1,0))
B45: =IF(Calculation!BE51="","",Calculation!BE51) | C45: =IF($M$4=0,"",VLOOKUP($B45,INDIRECT("$P$1:$Z$"&$M$4),COLUMN()-1,0)) | D45: =IF($M$4=0,"",VLOOKUP($B45,INDIRECT("$P$1:$Z$"&$M$4),COLUMN()-1,0)) | E45: =IF($M$4=0,"",VLOOKUP($B45,INDIRECT("$P$1:$Z$"&$M$4),COLUMN()-1,0)) | F45: =IF($M$4=0,"",VLOOKUP($B45,INDIRECT("$P$1:$Z$"&$M$4),COLUMN()-1,0)) | G45: =IF($M$4=0,"",VLOOKUP($B45,INDIRECT("$P$1:$Z$"&$M$4),COLUMN()-1,0)) | H45: =IF($M$4=0,"",VLOOKUP($B45,INDIRECT("$P$1:$Z$"&$M$4),COLUMN()-1,0)) | I45: =IF($M$4=0,"",VLOOKUP($B45,INDIRECT("$P$1:$Z$"&$M$4),COLUMN()-1,0)) | J45: =IF($M$4=0,"",VLOOKUP($B45,INDIRECT("$P$1:$Z$"&$M$4),COLUMN()-1,0)) | ... L45: =IF($M$4=0,"",VLOOKUP($B45,INDIRECT("$P$1:$Z$"&$M$4),COLUMN()-1,0))
B46: =IF(Calculation!BE52="","",Calculation!BE52) | C46: =IF($M$4=0,"",VLOOKUP($B46,INDIRECT("$P$1:$Z$"&$M$4),COLUMN()-1,0)) | D46: =IF($M$4=0,"",VLOOKUP($B46,INDIRECT("$P$1:$Z$"&$M$4),COLUMN()-1,0)) | E46: =IF($M$4=0,"",VLOOKUP($B46,INDIRECT("$P$1:$Z$"&$M$4),COLUMN()-1,0)) | F46: =IF($M$4=0,"",VLOOKUP($B46,INDIRECT("$P$1:$Z$"&$M$4),COLUMN()-1,0)) | G46: =IF($M$4=0,"",VLOOKUP($B46,INDIRECT("$P$1:$Z$"&$M$4),COLUMN()-1,0)) | H46: =IF($M$4=0,"",VLOOKUP($B46,INDIRECT("$P$1:$Z$"&$M$4),COLUMN()-1,0)) | I46: =IF($M$4=0,"",VLOOKUP($B46,INDIRECT("$P$1:$Z$"&$M$4),COLUMN()-1,0)) | J46: =IF($M$4=0,"",VLOOKUP($B46,INDIRECT("$P$1:$Z$"&$M$4),COLUMN()-1,0)) | ... L46: =IF($M$4=0,"",VLOOKUP($B46,INDIRECT("$P$1:$Z$"&$M$4),COLUMN()-1,0))
B47: =IF(Calculation!BE53="","",Calculation!BE53) | C47: =IF($M$4=0,"",VLOOKUP($B47,INDIRECT("$P$1:$Z$"&$M$4),COLUMN()-1,0)) | D47: =IF($M$4=0,"",VLOOKUP($B47,INDIRECT("$P$1:$Z$"&$M$4),COLUMN()-1,0)) | E47: =IF($M$4=0,"",VLOOKUP($B47,INDIRECT("$P$1:$Z$"&$M$4),COLUMN()-1,0)) | F47: =IF($M$4=0,"",VLOOKUP($B47,INDIRECT("$P$1:$Z$"&$M$4),COLUMN()-1,0)) | G47: =IF($M$4=0,"",VLOOKUP($B47,INDIRECT("$P$1:$Z$"&$M$4),COLUMN()-1,0)) | H47: =IF($M$4=0,"",VLOOKUP($B47,INDIRECT("$P$1:$Z$"&$M$4),COLUMN()-1,0)) | I47: =IF($M$4=0,"",VLOOKUP($B47,INDIRECT("$P$1:$Z$"&$M$4),COLUMN()-1,0)) | J47: =IF($M$4=0,"",VLOOKUP($B47,INDIRECT("$P$1:$Z$"&$M$4),COLUMN()-1,0)) | ... L47: =IF($M$4=0,"",VLOOKUP($B47,INDIRECT("$P$1:$Z$"&$M$4),COLUMN()-1,0))
B48: =IF(Calculation!BE54="","",Calculation!BE54) | C48: =IF($M$4=0,"",VLOOKUP($B48,INDIRECT("$P$1:$Z$"&$M$4),COLUMN()-1,0)) | D48: =IF($M$4=0,"",VLOOKUP($B48,INDIRECT("$P$1:$Z$"&$M$4),COLUMN()-1,0)) | E48: =IF($M$4=0,"",VLOOKUP($B48,INDIRECT("$P$1:$Z$"&$M$4),COLUMN()-1,0)) | F48: =IF($M$4=0,"",VLOOKUP($B48,INDIRECT("$P$1:$Z$"&$M$4),COLUMN()-1,0)) | G48: =IF($M$4=0,"",VLOOKUP($B48,INDIRECT("$P$1:$Z$"&$M$4),COLUMN()-1,0)) | H48: =IF($M$4=0,"",VLOOKUP($B48,INDIRECT("$P$1:$Z$"&$M$4),COLUMN()-1,0)) | I48: =IF($M$4=0,"",VLOOKUP($B48,INDIRECT("$P$1:$Z$"&$M$4),COLUMN()-1,0)) | J48: =IF($M$4=0,"",VLOOKUP($B48,INDIRECT("$P$1:$Z$"&$M$4),COLUMN()-1,0)) | ... L48: =IF($M$4=0,"",VLOOKUP($B48,INDIRECT("$P$1:$Z$"&$M$4),COLUMN()-1,0))
B49: =IF(Calculation!BE55="","",Calculation!BE55) | C49: =IF($M$4=0,"",VLOOKUP($B49,INDIRECT("$P$1:$Z$"&$M$4),COLUMN()-1,0)) | D49: =IF($M$4=0,"",VLOOKUP($B49,INDIRECT("$P$1:$Z$"&$M$4),COLUMN()-1,0)) | E49: =IF($M$4=0,"",VLOOKUP($B49,INDIRECT("$P$1:$Z$"&$M$4),COLUMN()-1,0)) | F49: =IF($M$4=0,"",VLOOKUP($B49,INDIRECT("$P$1:$Z$"&$M$4),COLUMN()-1,0)) | G49: =IF($M$4=0,"",VLOOKUP($B49,INDIRECT("$P$1:$Z$"&$M$4),COLUMN()-1,0)) | H49: =IF($M$4=0,"",VLOOKUP($B49,INDIRECT("$P$1:$Z$"&$M$4),COLUMN()-1,0)) | I49: =IF($M$4=0,"",VLOOKUP($B49,INDIRECT("$P$1:$Z$"&$M$4),COLUMN()-1,0)) | J49: =IF($M$4=0,"",VLOOKUP($B49,INDIRECT("$P$1:$Z$"&$M$4),COLUMN()-1,0)) | ... L49: =IF($M$4=0,"",VLOOKUP($B49,INDIRECT("$P$1:$Z$"&$M$4),COLUMN()-1,0))
B50: =IF(Calculation!BE56="","",Calculation!BE56) | C50: =IF($M$4=0,"",VLOOKUP($B50,INDIRECT("$P$1:$Z$"&$M$4),COLUMN()-1,0)) | D50: =IF($M$4=0,"",VLOOKUP($B50,INDIRECT("$P$1:$Z$"&$M$4),COLUMN()-1,0)) | E50: =IF($M$4=0,"",VLOOKUP($B50,INDIRECT("$P$1:$Z$"&$M$4),COLUMN()-1,0)) | F50: =IF($M$4=0,"",VLOOKUP($B50,INDIRECT("$P$1:$Z$"&$M$4),COLUMN()-1,0)) | G50: =IF($M$4=0,"",VLOOKUP($B50,INDIRECT("$P$1:$Z$"&$M$4),COLUMN()-1,0)) | H50: =IF($M$4=0,"",VLOOKUP($B50,INDIRECT("$P$1:$Z$"&$M$4),COLUMN()-1,0)) | I50: =IF($M$4=0,"",VLOOKUP($B50,INDIRECT("$P$1:$Z$"&$M$4),COLUMN()-1,0)) | J50: =IF($M$4=0,"",VLOOKUP($B50,INDIRECT("$P$1:$Z$"&$M$4),COLUMN()-1,0)) | ... L50: =IF($M$4=0,"",VLOOKUP($B50,INDIRECT("$P$1:$Z$"&$M$4),COLUMN()-1,0))
B51: =IF(Calculation!BE57="","",Calculation!BE57) | C51: =IF($M$4=0,"",VLOOKUP($B51,INDIRECT("$P$1:$Z$"&$M$4),COLUMN()-1,0)) | D51: =IF($M$4=0,"",VLOOKUP($B51,INDIRECT("$P$1:$Z$"&$M$4),COLUMN()-1,0)) | E51: =IF($M$4=0,"",VLOOKUP($B51,INDIRECT("$P$1:$Z$"&$M$4),COLUMN()-1,0)) | F51: =IF($M$4=0,"",VLOOKUP($B51,INDIRECT("$P$1:$Z$"&$M$4),COLUMN()-1,0)) | G51: =IF($M$4=0,"",VLOOKUP($B51,INDIRECT("$P$1:$Z$"&$M$4),COLUMN()-1,0)) | H51: =IF($M$4=0,"",VLOOKUP($B51,INDIRECT("$P$1:$Z$"&$M$4),COLUMN()-1,0)) | I51: =IF($M$4=0,"",VLOOKUP($B51,INDIRECT("$P$1:$Z$"&$M$4),COLUMN()-1,0)) | J51: =IF($M$4=0,"",VLOOKUP($B51,INDIRECT("$P$1:$Z$"&$M$4),COLUMN()-1,0)) | ... L51: =IF($M$4=0,"",VLOOKUP($B51,INDIRECT("$P$1:$Z$"&$M$4),COLUMN()-1,0))
B52: =IF(Calculation!BE58="","",Calculation!BE58) | C52: =IF($M$4=0,"",VLOOKUP($B52,INDIRECT("$P$1:$Z$"&$M$4),COLUMN()-1,0)) | D52: =IF($M$4=0,"",VLOOKUP($B52,INDIRECT("$P$1:$Z$"&$M$4),COLUMN()-1,0)) | E52: =IF($M$4=0,"",VLOOKUP($B52,INDIRECT("$P$1:$Z$"&$M$4),COLUMN()-1,0)) | F52: =IF($M$4=0,"",VLOOKUP($B52,INDIRECT("$P$1:$Z$"&$M$4),COLUMN()-1,0)) | G52: =IF($M$4=0,"",VLOOKUP($B52,INDIRECT("$P$1:$Z$"&$M$4),COLUMN()-1,0)) | H52: =IF($M$4=0,"",VLOOKUP($B52,INDIRECT("$P$1:$Z$"&$M$4),COLUMN()-1,0)) | I52: =IF($M$4=0,"",VLOOKUP($B52,INDIRECT("$P$1:$Z$"&$M$4),COLUMN()-1,0)) | J52: =IF($M$4=0,"",VLOOKUP($B52,INDIRECT("$P$1:$Z$"&$M$4),COLUMN()-1,0)) | ... L52: =IF($M$4=0,"",VLOOKUP($B52,INDIRECT("$P$1:$Z$"&$M$4),COLUMN()-1,0))
... B55: =IF(Calculation!BE61="","",Calculation!BE61) | C55: =IF($M$4=0,"",VLOOKUP($B55,INDIRECT("$P$1:$Z$"&$M$4),COLUMN()-1,0)) | D55: =IF($M$4=0,"",VLOOKUP($B55,INDIRECT("$P$1:$Z$"&$M$4),COLUMN()-1,0)) | E55: =IF($M$4=0,"",VLOOKUP($B55,INDIRECT("$P$1:$Z$"&$M$4),COLUMN()-1,0)) | F55: =IF($M$4=0,"",VLOOKUP($B55,INDIRECT("$P$1:$Z$"&$M$4),COLUMN()-1,0)) | G55: =IF($M$4=0,"",VLOOKUP($B55,INDIRECT("$P$1:$Z$"&$M$4),COLUMN()-1,0)) | H55: =IF($M$4=0,"",VLOOKUP($B55,INDIRECT("$P$1:$Z$"&$M$4),COLUMN()-1,0)) | I55: =IF($M$4=0,"",VLOOKUP($B55,INDIRECT("$P$1:$Z$"&$M$4),COLUMN()-1,0)) | J55: =IF($M$4=0,"",VLOOKUP($B55,INDIRECT("$P$1:$Z$"&$M$4),COLUMN()-1,0)) | ... L55: =IF($M$4=0,"",VLOOKUP($B55,INDIRECT("$P$1:$Z$"&$M$4),COLUMN()-1,0))

Sheet Case 2
B1: ELEMENT | C1: AXIAL | D1: SHEAR | E1: BENDING | F1: TORSION | G1: -----------Forces(N. | H1: )----------- | I1: ---------Moments(N.m. | J1: )------
B2: NODES: | C2: FORCE | D2: FORCE | E2: MOMENT | F2: MOMENT | G2: FX | H2: FY | I2: FZ | J2: MX | K2: MY | L2: MZ
B4: CASE | C4: =IF(P1="","","L"&MID(INDIRECT("P"&L4),6,2)) | D4: =IF(P1="","",MID(INDIRECT("P"&L4),SEARCH("(",INDIRECT("P"&L4),1)+1,3)) | E4: =IF(P1="","",MID(INDIRECT("P"&L4),SEARCH(")",INDIRECT("P"&L4),1)+2,LEN(INDIRECT("P"&L4)))) | L4: =IF(P1="","",MATCH("CASE*",P1:P10,0)) | M4: =ROUND(COUNT(P:P)*1.6,0) -> 0
B6: =IF(Calculation!BE11="","",Calculation!BE11) | C6: =IF($M$4=0,"",VLOOKUP($B6,INDIRECT("$P$1:$Z$"&$M$4),COLUMN()-1,0)) | D6: =IF($M$4=0,"",VLOOKUP($B6,INDIRECT("$P$1:$Z$"&$M$4),COLUMN()-1,0)) | E6: =IF($M$4=0,"",VLOOKUP($B6,INDIRECT("$P$1:$Z$"&$M$4),COLUMN()-1,0)) | F6: =IF($M$4=0,"",VLOOKUP($B6,INDIRECT("$P$1:$Z$"&$M$4),COLUMN()-1,0)) | G6: =IF($M$4=0,"",VLOOKUP($B6,INDIRECT("$P$1:$Z$"&$M$4),COLUMN()-1,0)) | H6: =IF($M$4=0,"",VLOOKUP($B6,INDIRECT("$P$1:$Z$"&$M$4),COLUMN()-1,0)) | I6: =IF($M$4=0,"",VLOOKUP($B6,INDIRECT("$P$1:$Z$"&$M$4),COLUMN()-1,0)) | J6: =IF($M$4=0,"",VLOOKUP($B6,INDIRECT("$P$1:$Z$"&$M$4),COLUMN()-1,0)) | ... L6: =IF($M$4=0,"",VLOOKUP($B6,INDIRECT("$P$1:$Z$"&$M$4),COLUMN()-1,0))
B7: =IF(Calculation!BE12="","",Calculation!BE12) | C7: =IF($M$4=0,"",VLOOKUP($B7,INDIRECT("$P$1:$Z$"&$M$4),COLUMN()-1,0)) | D7: =IF($M$4=0,"",VLOOKUP($B7,INDIRECT("$P$1:$Z$"&$M$4),COLUMN()-1,0)) | E7: =IF($M$4=0,"",VLOOKUP($B7,INDIRECT("$P$1:$Z$"&$M$4),COLUMN()-1,0)) | F7: =IF($M$4=0,"",VLOOKUP($B7,INDIRECT("$P$1:$Z$"&$M$4),COLUMN()-1,0)) | G7: =IF($M$4=0,"",VLOOKUP($B7,INDIRECT("$P$1:$Z$"&$M$4),COLUMN()-1,0)) | H7: =IF($M$4=0,"",VLOOKUP($B7,INDIRECT("$P$1:$Z$"&$M$4),COLUMN()-1,0)) | I7: =IF($M$4=0,"",VLOOKUP($B7,INDIRECT("$P$1:$Z$"&$M$4),COLUMN()-1,0)) | J7: =IF($M$4=0,"",VLOOKUP($B7,INDIRECT("$P$1:$Z$"&$M$4),COLUMN()-1,0)) | ... L7: =IF($M$4=0,"",VLOOKUP($B7,INDIRECT("$P$1:$Z$"&$M$4),COLUMN()-1,0))
B8: =IF(Calculation!BE13="","",Calculation!BE13) | C8: =IF($M$4=0,"",VLOOKUP($B8,INDIRECT("$P$1:$Z$"&$M$4),COLUMN()-1,0)) | D8: =IF($M$4=0,"",VLOOKUP($B8,INDIRECT("$P$1:$Z$"&$M$4),COLUMN()-1,0)) | E8: =IF($M$4=0,"",VLOOKUP($B8,INDIRECT("$P$1:$Z$"&$M$4),COLUMN()-1,0)) | F8: =IF($M$4=0,"",VLOOKUP($B8,INDIRECT("$P$1:$Z$"&$M$4),COLUMN()-1,0)) | G8: =IF($M$4=0,"",VLOOKUP($B8,INDIRECT("$P$1:$Z$"&$M$4),COLUMN()-1,0)) | H8: =IF($M$4=0,"",VLOOKUP($B8,INDIRECT("$P$1:$Z$"&$M$4),COLUMN()-1,0)) | I8: =IF($M$4=0,"",VLOOKUP($B8,INDIRECT("$P$1:$Z$"&$M$4),COLUMN()-1,0)) | J8: =IF($M$4=0,"",VLOOKUP($B8,INDIRECT("$P$1:$Z$"&$M$4),COLUMN()-1,0)) | ... L8: =IF($M$4=0,"",VLOOKUP($B8,INDIRECT("$P$1:$Z$"&$M$4),COLUMN()-1,0))
B9: =IF(Calculation!BE14="","",Calculation!BE14) | C9: =IF($M$4=0,"",VLOOKUP($B9,INDIRECT("$P$1:$Z$"&$M$4),COLUMN()-1,0)) | D9: =IF($M$4=0,"",VLOOKUP($B9,INDIRECT("$P$1:$Z$"&$M$4),COLUMN()-1,0)) | E9: =IF($M$4=0,"",VLOOKUP($B9,INDIRECT("$P$1:$Z$"&$M$4),COLUMN()-1,0)) | F9: =IF($M$4=0,"",VLOOKUP($B9,INDIRECT("$P$1:$Z$"&$M$4),COLUMN()-1,0)) | G9: =IF($M$4=0,"",VLOOKUP($B9,INDIRECT("$P$1:$Z$"&$M$4),COLUMN()-1,0)) | H9: =IF($M$4=0,"",VLOOKUP($B9,INDIRECT("$P$1:$Z$"&$M$4),COLUMN()-1,0)) | I9: =IF($M$4=0,"",VLOOKUP($B9,INDIRECT("$P$1:$Z$"&$M$4),COLUMN()-1,0)) | J9: =IF($M$4=0,"",VLOOKUP($B9,INDIRECT("$P$1:$Z$"&$M$4),COLUMN()-1,0)) | ... L9: =IF($M$4=0,"",VLOOKUP($B9,INDIRECT("$P$1:$Z$"&$M$4),COLUMN()-1,0))
B10: =IF(Calculation!BE15="","",Calculation!BE15) | C10: =IF($M$4=0,"",VLOOKUP($B10,INDIRECT("$P$1:$Z$"&$M$4),COLUMN()-1,0)) | D10: =IF($M$4=0,"",VLOOKUP($B10,INDIRECT("$P$1:$Z$"&$M$4),COLUMN()-1,0)) | E10: =IF($M$4=0,"",VLOOKUP($B10,INDIRECT("$P$1:$Z$"&$M$4),COLUMN()-1,0)) | F10: =IF($M$4=0,"",VLOOKUP($B10,INDIRECT("$P$1:$Z$"&$M$4),COLUMN()-1,0)) | G10: =IF($M$4=0,"",VLOOKUP($B10,INDIRECT("$P$1:$Z$"&$M$4),COLUMN()-1,0)) | H10: =IF($M$4=0,"",VLOOKUP($B10,INDIRECT("$P$1:$Z$"&$M$4),COLUMN()-1,0)) | I10: =IF($M$4=0,"",VLOOKUP($B10,INDIRECT("$P$1:$Z$"&$M$4),COLUMN()-1,0)) | J10: =IF($M$4=0,"",VLOOKUP($B10,INDIRECT("$P$1:$Z$"&$M$4),COLUMN()-1,0)) | ... L10: =IF($M$4=0,"",VLOOKUP($B10,INDIRECT("$P$1:$Z$"&$M$4),COLUMN()-1,0))
B11: =IF(Calculation!BE16="","",Calculation!BE16) | C11: =IF($M$4=0,"",VLOOKUP($B11,INDIRECT("$P$1:$Z$"&$M$4),COLUMN()-1,0)) | D11: =IF($M$4=0,"",VLOOKUP($B11,INDIRECT("$P$1:$Z$"&$M$4),COLUMN()-1,0)) | E11: =IF($M$4=0,"",VLOOKUP($B11,INDIRECT("$P$1:$Z$"&$M$4),COLUMN()-1,0)) | F11: =IF($M$4=0,"",VLOOKUP($B11,INDIRECT("$P$1:$Z$"&$M$4),COLUMN()-1,0)) | G11: =IF($M$4=0,"",VLOOKUP($B11,INDIRECT("$P$1:$Z$"&$M$4),COLUMN()-1,0)) | H11: =IF($M$4=0,"",VLOOKUP($B11,INDIRECT("$P$1:$Z$"&$M$4),COLUMN()-1,0)) | I11: =IF($M$4=0,"",VLOOKUP($B11,INDIRECT("$P$1:$Z$"&$M$4),COLUMN()-1,0)) | J11: =IF($M$4=0,"",VLOOKUP($B11,INDIRECT("$P$1:$Z$"&$M$4),COLUMN()-1,0)) | ... L11: =IF($M$4=0,"",VLOOKUP($B11,INDIRECT("$P$1:$Z$"&$M$4),COLUMN()-1,0))
B12: =IF(Calculation!BE17="","",Calculation!BE17) | C12: =IF($M$4=0,"",VLOOKUP($B12,INDIRECT("$P$1:$Z$"&$M$4),COLUMN()-1,0)) | D12: =IF($M$4=0,"",VLOOKUP($B12,INDIRECT("$P$1:$Z$"&$M$4),COLUMN()-1,0)) | E12: =IF($M$4=0,"",VLOOKUP($B12,INDIRECT("$P$1:$Z$"&$M$4),COLUMN()-1,0)) | F12: =IF($M$4=0,"",VLOOKUP($B12,INDIRECT("$P$1:$Z$"&$M$4),COLUMN()-1,0)) | G12: =IF($M$4=0,"",VLOOKUP($B12,INDIRECT("$P$1:$Z$"&$M$4),COLUMN()-1,0)) | H12: =IF($M$4=0,"",VLOOKUP($B12,INDIRECT("$P$1:$Z$"&$M$4),COLUMN()-1,0)) | I12: =IF($M$4=0,"",VLOOKUP($B12,INDIRECT("$P$1:$Z$"&$M$4),COLUMN()-1,0)) | J12: =IF($M$4=0,"",VLOOKUP($B12,INDIRECT("$P$1:$Z$"&$M$4),COLUMN()-1,0)) | ... L12: =IF($M$4=0,"",VLOOKUP($B12,INDIRECT("$P$1:$Z$"&$M$4),COLUMN()-1,0))
B13: =IF(Calculation!BE18="","",Calculation!BE18) | C13: =IF($M$4=0,"",VLOOKUP($B13,INDIRECT("$P$1:$Z$"&$M$4),COLUMN()-1,0)) | D13: =IF($M$4=0,"",VLOOKUP($B13,INDIRECT("$P$1:$Z$"&$M$4),COLUMN()-1,0)) | E13: =IF($M$4=0,"",VLOOKUP($B13,INDIRECT("$P$1:$Z$"&$M$4),COLUMN()-1,0)) | F13: =IF($M$4=0,"",VLOOKUP($B13,INDIRECT("$P$1:$Z$"&$M$4),COLUMN()-1,0)) | G13: =IF($M$4=0,"",VLOOKUP($B13,INDIRECT("$P$1:$Z$"&$M$4),COLUMN()-1,0)) | H13: =IF($M$4=0,"",VLOOKUP($B13,INDIRECT("$P$1:$Z$"&$M$4),COLUMN()-1,0)) | I13: =IF($M$4=0,"",VLOOKUP($B13,INDIRECT("$P$1:$Z$"&$M$4),COLUMN()-1,0)) | J13: =IF($M$4=0,"",VLOOKUP($B13,INDIRECT("$P$1:$Z$"&$M$4),COLUMN()-1,0)) | ... L13: =IF($M$4=0,"",VLOOKUP($B13,INDIRECT("$P$1:$Z$"&$M$4),COLUMN()-1,0))
B14: =IF(Calculation!BE19="","",Calculation!BE19) | C14: =IF($M$4=0,"",VLOOKUP($B14,INDIRECT("$P$1:$Z$"&$M$4),COLUMN()-1,0)) | D14: =IF($M$4=0,"",VLOOKUP($B14,INDIRECT("$P$1:$Z$"&$M$4),COLUMN()-1,0)) | E14: =IF($M$4=0,"",VLOOKUP($B14,INDIRECT("$P$1:$Z$"&$M$4),COLUMN()-1,0)) | F14: =IF($M$4=0,"",VLOOKUP($B14,INDIRECT("$P$1:$Z$"&$M$4),COLUMN()-1,0)) | G14: =IF($M$4=0,"",VLOOKUP($B14,INDIRECT("$P$1:$Z$"&$M$4),COLUMN()-1,0)) | H14: =IF($M$4=0,"",VLOOKUP($B14,INDIRECT("$P$1:$Z$"&$M$4),COLUMN()-1,0)) | I14: =IF($M$4=0,"",VLOOKUP($B14,INDIRECT("$P$1:$Z$"&$M$4),COLUMN()-1,0)) | J14: =IF($M$4=0,"",VLOOKUP($B14,INDIRECT("$P$1:$Z$"&$M$4),COLUMN()-1,0)) | ... L14: =IF($M$4=0,"",VLOOKUP($B14,INDIRECT("$P$1:$Z$"&$M$4),COLUMN()-1,0))
B15: =IF(Calculation!BE20="","",Calculation!BE20) | C15: =IF($M$4=0,"",VLOOKUP($B15,INDIRECT("$P$1:$Z$"&$M$4),COLUMN()-1,0)) | D15: =IF($M$4=0,"",VLOOKUP($B15,INDIRECT("$P$1:$Z$"&$M$4),COLUMN()-1,0)) | E15: =IF($M$4=0,"",VLOOKUP($B15,INDIRECT("$P$1:$Z$"&$M$4),COLUMN()-1,0)) | F15: =IF($M$4=0,"",VLOOKUP($B15,INDIRECT("$P$1:$Z$"&$M$4),COLUMN()-1,0)) | G15: =IF($M$4=0,"",VLOOKUP($B15,INDIRECT("$P$1:$Z$"&$M$4),COLUMN()-1,0)) | H15: =IF($M$4=0,"",VLOOKUP($B15,INDIRECT("$P$1:$Z$"&$M$4),COLUMN()-1,0)) | I15: =IF($M$4=0,"",VLOOKUP($B15,INDIRECT("$P$1:$Z$"&$M$4),COLUMN()-1,0)) | J15: =IF($M$4=0,"",VLOOKUP($B15,INDIRECT("$P$1:$Z$"&$M$4),COLUMN()-1,0)) | ... L15: =IF($M$4=0,"",VLOOKUP($B15,INDIRECT("$P$1:$Z$"&$M$4),COLUMN()-1,0))
B16: =IF(Calculation!BE21="","",Calculation!BE21) | C16: =IF($M$4=0,"",VLOOKUP($B16,INDIRECT("$P$1:$Z$"&$M$4),COLUMN()-1,0)) | D16: =IF($M$4=0,"",VLOOKUP($B16,INDIRECT("$P$1:$Z$"&$M$4),COLUMN()-1,0)) | E16: =IF($M$4=0,"",VLOOKUP($B16,INDIRECT("$P$1:$Z$"&$M$4),COLUMN()-1,0)) | F16: =IF($M$4=0,"",VLOOKUP($B16,INDIRECT("$P$1:$Z$"&$M$4),COLUMN()-1,0)) | G16: =IF($M$4=0,"",VLOOKUP($B16,INDIRECT("$P$1:$Z$"&$M$4),COLUMN()-1,0)) | H16: =IF($M$4=0,"",VLOOKUP($B16,INDIRECT("$P$1:$Z$"&$M$4),COLUMN()-1,0)) | I16: =IF($M$4=0,"",VLOOKUP($B16,INDIRECT("$P$1:$Z$"&$M$4),COLUMN()-1,0)) | J16: =IF($M$4=0,"",VLOOKUP($B16,INDIRECT("$P$1:$Z$"&$M$4),COLUMN()-1,0)) | ... L16: =IF($M$4=0,"",VLOOKUP($B16,INDIRECT("$P$1:$Z$"&$M$4),COLUMN()-1,0))
B17: =IF(Calculation!BE22="","",Calculation!BE22) | C17: =IF($M$4=0,"",VLOOKUP($B17,INDIRECT("$P$1:$Z$"&$M$4),COLUMN()-1,0)) | D17: =IF($M$4=0,"",VLOOKUP($B17,INDIRECT("$P$1:$Z$"&$M$4),COLUMN()-1,0)) | E17: =IF($M$4=0,"",VLOOKUP($B17,INDIRECT("$P$1:$Z$"&$M$4),COLUMN()-1,0)) | F17: =IF($M$4=0,"",VLOOKUP($B17,INDIRECT("$P$1:$Z$"&$M$4),COLUMN()-1,0)) | G17: =IF($M$4=0,"",VLOOKUP($B17,INDIRECT("$P$1:$Z$"&$M$4),COLUMN()-1,0)) | H17: =IF($M$4=0,"",VLOOKUP($B17,INDIRECT("$P$1:$Z$"&$M$4),COLUMN()-1,0)) | I17: =IF($M$4=0,"",VLOOKUP($B17,INDIRECT("$P$1:$Z$"&$M$4),COLUMN()-1,0)) | J17: =IF($M$4=0,"",VLOOKUP($B17,INDIRECT("$P$1:$Z$"&$M$4),COLUMN()-1,0)) | ... L17: =IF($M$4=0,"",VLOOKUP($B17,INDIRECT("$P$1:$Z$"&$M$4),COLUMN()-1,0))
... B40: =IF(Calculation!BE45="","",Calculation!BE45) | C40: =IF($M$4=0,"",VLOOKUP($B40,INDIRECT("$P$1:$Z$"&$M$4),COLUMN()-1,0)) | D40: =IF($M$4=0,"",VLOOKUP($B40,INDIRECT("$P$1:$Z$"&$M$4),COLUMN()-1,0)) | E40: =IF($M$4=0,"",VLOOKUP($B40,INDIRECT("$P$1:$Z$"&$M$4),COLUMN()-1,0)) | F40: =IF($M$4=0,"",VLOOKUP($B40,INDIRECT("$P$1:$Z$"&$M$4),COLUMN()-1,0)) | G40: =IF($M$4=0,"",VLOOKUP($B40,INDIRECT("$P$1:$Z$"&$M$4),COLUMN()-1,0)) | H40: =IF($M$4=0,"",VLOOKUP($B40,INDIRECT("$P$1:$Z$"&$M$4),COLUMN()-1,0)) | I40: =IF($M$4=0,"",VLOOKUP($B40,INDIRECT("$P$1:$Z$"&$M$4),COLUMN()-1,0)) | J40: =IF($M$4=0,"",VLOOKUP($B40,INDIRECT("$P$1:$Z$"&$M$4),COLUMN()-1,0)) | ... L40: =IF($M$4=0,"",VLOOKUP($B40,INDIRECT("$P$1:$Z$"&$M$4),COLUMN()-1,0))
B41: =IF(Calculation!BE47="","",Calculation!BE47) | C41: =IF($M$4=0,"",VLOOKUP($B41,INDIRECT("$P$1:$Z$"&$M$4),COLUMN()-1,0)) | D41: =IF($M$4=0,"",VLOOKUP($B41,INDIRECT("$P$1:$Z$"&$M$4),COLUMN()-1,0)) | E41: =IF($M$4=0,"",VLOOKUP($B41,INDIRECT("$P$1:$Z$"&$M$4),COLUMN()-1,0)) | F41: =IF($M$4=0,"",VLOOKUP($B41,INDIRECT("$P$1:$Z$"&$M$4),COLUMN()-1,0)) | G41: =IF($M$4=0,"",VLOOKUP($B41,INDIRECT("$P$1:$Z$"&$M$4),COLUMN()-1,0)) | H41: =IF($M$4=0,"",VLOOKUP($B41,INDIRECT("$P$1:$Z$"&$M$4),COLUMN()-1,0)) | I41: =IF($M$4=0,"",VLOOKUP($B41,INDIRECT("$P$1:$Z$"&$M$4),COLUMN()-1,0)) | J41: =IF($M$4=0,"",VLOOKUP($B41,INDIRECT("$P$1:$Z$"&$M$4),COLUMN()-1,0)) | ... L41: =IF($M$4=0,"",VLOOKUP($B41,INDIRECT("$P$1:$Z$"&$M$4),COLUMN()-1,0))
B42: =IF(Calculation!BE48="","",Calculation!BE48) | C42: =IF($M$4=0,"",VLOOKUP($B42,INDIRECT("$P$1:$Z$"&$M$4),COLUMN()-1,0)) | D42: =IF($M$4=0,"",VLOOKUP($B42,INDIRECT("$P$1:$Z$"&$M$4),COLUMN()-1,0)) | E42: =IF($M$4=0,"",VLOOKUP($B42,INDIRECT("$P$1:$Z$"&$M$4),COLUMN()-1,0)) | F42: =IF($M$4=0,"",VLOOKUP($B42,INDIRECT("$P$1:$Z$"&$M$4),COLUMN()-1,0)) | G42: =IF($M$4=0,"",VLOOKUP($B42,INDIRECT("$P$1:$Z$"&$M$4),COLUMN()-1,0)) | H42: =IF($M$4=0,"",VLOOKUP($B42,INDIRECT("$P$1:$Z$"&$M$4),COLUMN()-1,0)) | I42: =IF($M$4=0,"",VLOOKUP($B42,INDIRECT("$P$1:$Z$"&$M$4),COLUMN()-1,0)) | J42: =IF($M$4=0,"",VLOOKUP($B42,INDIRECT("$P$1:$Z$"&$M$4),COLUMN()-1,0)) | ... L42: =IF($M$4=0,"",VLOOKUP($B42,INDIRECT("$P$1:$Z$"&$M$4),COLUMN()-1,0))
B43: =IF(Calculation!BE49="","",Calculation!BE49) | C43: =IF($M$4=0,"",VLOOKUP($B43,INDIRECT("$P$1:$Z$"&$M$4),COLUMN()-1,0)) | D43: =IF($M$4=0,"",VLOOKUP($B43,INDIRECT("$P$1:$Z$"&$M$4),COLUMN()-1,0)) | E43: =IF($M$4=0,"",VLOOKUP($B43,INDIRECT("$P$1:$Z$"&$M$4),COLUMN()-1,0)) | F43: =IF($M$4=0,"",VLOOKUP($B43,INDIRECT("$P$1:$Z$"&$M$4),COLUMN()-1,0)) | G43: =IF($M$4=0,"",VLOOKUP($B43,INDIRECT("$P$1:$Z$"&$M$4),COLUMN()-1,0)) | H43: =IF($M$4=0,"",VLOOKUP($B43,INDIRECT("$P$1:$Z$"&$M$4),COLUMN()-1,0)) | I43: =IF($M$4=0,"",VLOOKUP($B43,INDIRECT("$P$1:$Z$"&$M$4),COLUMN()-1,0)) | J43: =IF($M$4=0,"",VLOOKUP($B43,INDIRECT("$P$1:$Z$"&$M$4),COLUMN()-1,0)) | ... L43: =IF($M$4=0,"",VLOOKUP($B43,INDIRECT("$P$1:$Z$"&$M$4),COLUMN()-1,0))
B44: =IF(Calculation!BE50="","",Calculation!BE50) | C44: =IF($M$4=0,"",VLOOKUP($B44,INDIRECT("$P$1:$Z$"&$M$4),COLUMN()-1,0)) | D44: =IF($M$4=0,"",VLOOKUP($B44,INDIRECT("$P$1:$Z$"&$M$4),COLUMN()-1,0)) | E44: =IF($M$4=0,"",VLOOKUP($B44,INDIRECT("$P$1:$Z$"&$M$4),COLUMN()-1,0)) | F44: =IF($M$4=0,"",VLOOKUP($B44,INDIRECT("$P$1:$Z$"&$M$4),COLUMN()-1,0)) | G44: =IF($M$4=0,"",VLOOKUP($B44,INDIRECT("$P$1:$Z$"&$M$4),COLUMN()-1,0)) | H44: =IF($M$4=0,"",VLOOKUP($B44,INDIRECT("$P$1:$Z$"&$M$4),COLUMN()-1,0)) | I44: =IF($M$4=0,"",VLOOKUP($B44,INDIRECT("$P$1:$Z$"&$M$4),COLUMN()-1,0)) | J44: =IF($M$4=0,"",VLOOKUP($B44,INDIRECT("$P$1:$Z$"&$M$4),COLUMN()-1,0)) | ... L44: =IF($M$4=0,"",VLOOKUP($B44,INDIRECT("$P$1:$Z$"&$M$4),COLUMN()-1,0))
B45: =IF(Calculation!BE51="","",Calculation!BE51) | C45: =IF($M$4=0,"",VLOOKUP($B45,INDIRECT("$P$1:$Z$"&$M$4),COLUMN()-1,0)) | D45: =IF($M$4=0,"",VLOOKUP($B45,INDIRECT("$P$1:$Z$"&$M$4),COLUMN()-1,0)) | E45: =IF($M$4=0,"",VLOOKUP($B45,INDIRECT("$P$1:$Z$"&$M$4),COLUMN()-1,0)) | F45: =IF($M$4=0,"",VLOOKUP($B45,INDIRECT("$P$1:$Z$"&$M$4),COLUMN()-1,0)) | G45: =IF($M$4=0,"",VLOOKUP($B45,INDIRECT("$P$1:$Z$"&$M$4),COLUMN()-1,0)) | H45: =IF($M$4=0,"",VLOOKUP($B45,INDIRECT("$P$1:$Z$"&$M$4),COLUMN()-1,0)) | I45: =IF($M$4=0,"",VLOOKUP($B45,INDIRECT("$P$1:$Z$"&$M$4),COLUMN()-1,0)) | J45: =IF($M$4=0,"",VLOOKUP($B45,INDIRECT("$P$1:$Z$"&$M$4),COLUMN()-1,0)) | ... L45: =IF($M$4=0,"",VLOOKUP($B45,INDIRECT("$P$1:$Z$"&$M$4),COLUMN()-1,0))
B46: =IF(Calculation!BE52="","",Calculation!BE52) | C46: =IF($M$4=0,"",VLOOKUP($B46,INDIRECT("$P$1:$Z$"&$M$4),COLUMN()-1,0)) | D46: =IF($M$4=0,"",VLOOKUP($B46,INDIRECT("$P$1:$Z$"&$M$4),COLUMN()-1,0)) | E46: =IF($M$4=0,"",VLOOKUP($B46,INDIRECT("$P$1:$Z$"&$M$4),COLUMN()-1,0)) | F46: =IF($M$4=0,"",VLOOKUP($B46,INDIRECT("$P$1:$Z$"&$M$4),COLUMN()-1,0)) | G46: =IF($M$4=0,"",VLOOKUP($B46,INDIRECT("$P$1:$Z$"&$M$4),COLUMN()-1,0)) | H46: =IF($M$4=0,"",VLOOKUP($B46,INDIRECT("$P$1:$Z$"&$M$4),COLUMN()-1,0)) | I46: =IF($M$4=0,"",VLOOKUP($B46,INDIRECT("$P$1:$Z$"&$M$4),COLUMN()-1,0)) | J46: =IF($M$4=0,"",VLOOKUP($B46,INDIRECT("$P$1:$Z$"&$M$4),COLUMN()-1,0)) | ... L46: =IF($M$4=0,"",VLOOKUP($B46,INDIRECT("$P$1:$Z$"&$M$4),COLUMN()-1,0))
B47: =IF(Calculation!BE53="","",Calculation!BE53) | C47: =IF($M$4=0,"",VLOOKUP($B47,INDIRECT("$P$1:$Z$"&$M$4),COLUMN()-1,0)) | D47: =IF($M$4=0,"",VLOOKUP($B47,INDIRECT("$P$1:$Z$"&$M$4),COLUMN()-1,0)) | E47: =IF($M$4=0,"",VLOOKUP($B47,INDIRECT("$P$1:$Z$"&$M$4),COLUMN()-1,0)) | F47: =IF($M$4=0,"",VLOOKUP($B47,INDIRECT("$P$1:$Z$"&$M$4),COLUMN()-1,0)) | G47: =IF($M$4=0,"",VLOOKUP($B47,INDIRECT("$P$1:$Z$"&$M$4),COLUMN()-1,0)) | H47: =IF($M$4=0,"",VLOOKUP($B47,INDIRECT("$P$1:$Z$"&$M$4),COLUMN()-1,0)) | I47: =IF($M$4=0,"",VLOOKUP($B47,INDIRECT("$P$1:$Z$"&$M$4),COLUMN()-1,0)) | J47: =IF($M$4=0,"",VLOOKUP($B47,INDIRECT("$P$1:$Z$"&$M$4),COLUMN()-1,0)) | ... L47: =IF($M$4=0,"",VLOOKUP($B47,INDIRECT("$P$1:$Z$"&$M$4),COLUMN()-1,0))
B48: =IF(Calculation!BE54="","",Calculation!BE54) | C48: =IF($M$4=0,"",VLOOKUP($B48,INDIRECT("$P$1:$Z$"&$M$4),COLUMN()-1,0)) | D48: =IF($M$4=0,"",VLOOKUP($B48,INDIRECT("$P$1:$Z$"&$M$4),COLUMN()-1,0)) | E48: =IF($M$4=0,"",VLOOKUP($B48,INDIRECT("$P$1:$Z$"&$M$4),COLUMN()-1,0)) | F48: =IF($M$4=0,"",VLOOKUP($B48,INDIRECT("$P$1:$Z$"&$M$4),COLUMN()-1,0)) | G48: =IF($M$4=0,"",VLOOKUP($B48,INDIRECT("$P$1:$Z$"&$M$4),COLUMN()-1,0)) | H48: =IF($M$4=0,"",VLOOKUP($B48,INDIRECT("$P$1:$Z$"&$M$4),COLUMN()-1,0)) | I48: =IF($M$4=0,"",VLOOKUP($B48,INDIRECT("$P$1:$Z$"&$M$4),COLUMN()-1,0)) | J48: =IF($M$4=0,"",VLOOKUP($B48,INDIRECT("$P$1:$Z$"&$M$4),COLUMN()-1,0)) | ... L48: =IF($M$4=0,"",VLOOKUP($B48,INDIRECT("$P$1:$Z$"&$M$4),COLUMN()-1,0))
B49: =IF(Calculation!BE55="","",Calculation!BE55) | C49: =IF($M$4=0,"",VLOOKUP($B49,INDIRECT("$P$1:$Z$"&$M$4),COLUMN()-1,0)) | D49: =IF($M$4=0,"",VLOOKUP($B49,INDIRECT("$P$1:$Z$"&$M$4),COLUMN()-1,0)) | E49: =IF($M$4=0,"",VLOOKUP($B49,INDIRECT("$P$1:$Z$"&$M$4),COLUMN()-1,0)) | F49: =IF($M$4=0,"",VLOOKUP($B49,INDIRECT("$P$1:$Z$"&$M$4),COLUMN()-1,0)) | G49: =IF($M$4=0,"",VLOOKUP($B49,INDIRECT("$P$1:$Z$"&$M$4),COLUMN()-1,0)) | H49: =IF($M$4=0,"",VLOOKUP($B49,INDIRECT("$P$1:$Z$"&$M$4),COLUMN()-1,0)) | I49: =IF($M$4=0,"",VLOOKUP($B49,INDIRECT("$P$1:$Z$"&$M$4),COLUMN()-1,0)) | J49: =IF($M$4=0,"",VLOOKUP($B49,INDIRECT("$P$1:$Z$"&$M$4),COLUMN()-1,0)) | ... L49: =IF($M$4=0,"",VLOOKUP($B49,INDIRECT("$P$1:$Z$"&$M$4),COLUMN()-1,0))
B50: =IF(Calculation!BE56="","",Calculation!BE56) | C50: =IF($M$4=0,"",VLOOKUP($B50,INDIRECT("$P$1:$Z$"&$M$4),COLUMN()-1,0)) | D50: =IF($M$4=0,"",VLOOKUP($B50,INDIRECT("$P$1:$Z$"&$M$4),COLUMN()-1,0)) | E50: =IF($M$4=0,"",VLOOKUP($B50,INDIRECT("$P$1:$Z$"&$M$4),COLUMN()-1,0)) | F50: =IF($M$4=0,"",VLOOKUP($B50,INDIRECT("$P$1:$Z$"&$M$4),COLUMN()-1,0)) | G50: =IF($M$4=0,"",VLOOKUP($B50,INDIRECT("$P$1:$Z$"&$M$4),COLUMN()-1,0)) | H50: =IF($M$4=0,"",VLOOKUP($B50,INDIRECT("$P$1:$Z$"&$M$4),COLUMN()-1,0)) | I50: =IF($M$4=0,"",VLOOKUP($B50,INDIRECT("$P$1:$Z$"&$M$4),COLUMN()-1,0)) | J50: =IF($M$4=0,"",VLOOKUP($B50,INDIRECT("$P$1:$Z$"&$M$4),COLUMN()-1,0)) | ... L50: =IF($M$4=0,"",VLOOKUP($B50,INDIRECT("$P$1:$Z$"&$M$4),COLUMN()-1,0))
B51: =IF(Calculation!BE57="","",Calculation!BE57) | C51: =IF($M$4=0,"",VLOOKUP($B51,INDIRECT("$P$1:$Z$"&$M$4),COLUMN()-1,0)) | D51: =IF($M$4=0,"",VLOOKUP($B51,INDIRECT("$P$1:$Z$"&$M$4),COLUMN()-1,0)) | E51: =IF($M$4=0,"",VLOOKUP($B51,INDIRECT("$P$1:$Z$"&$M$4),COLUMN()-1,0)) | F51: =IF($M$4=0,"",VLOOKUP($B51,INDIRECT("$P$1:$Z$"&$M$4),COLUMN()-1,0)) | G51: =IF($M$4=0,"",VLOOKUP($B51,INDIRECT("$P$1:$Z$"&$M$4),COLUMN()-1,0)) | H51: =IF($M$4=0,"",VLOOKUP($B51,INDIRECT("$P$1:$Z$"&$M$4),COLUMN()-1,0)) | I51: =IF($M$4=0,"",VLOOKUP($B51,INDIRECT("$P$1:$Z$"&$M$4),COLUMN()-1,0)) | J51: =IF($M$4=0,"",VLOOKUP($B51,INDIRECT("$P$1:$Z$"&$M$4),COLUMN()-1,0)) | ... L51: =IF($M$4=0,"",VLOOKUP($B51,INDIRECT("$P$1:$Z$"&$M$4),COLUMN()-1,0))
B52: =IF(Calculation!BE58="","",Calculation!BE58) | C52: =IF($M$4=0,"",VLOOKUP($B52,INDIRECT("$P$1:$Z$"&$M$4),COLUMN()-1,0)) | D52: =IF($M$4=0,"",VLOOKUP($B52,INDIRECT("$P$1:$Z$"&$M$4),COLUMN()-1,0)) | E52: =IF($M$4=0,"",VLOOKUP($B52,INDIRECT("$P$1:$Z$"&$M$4),COLUMN()-1,0)) | F52: =IF($M$4=0,"",VLOOKUP($B52,INDIRECT("$P$1:$Z$"&$M$4),COLUMN()-1,0)) | G52: =IF($M$4=0,"",VLOOKUP($B52,INDIRECT("$P$1:$Z$"&$M$4),COLUMN()-1,0)) | H52: =IF($M$4=0,"",VLOOKUP($B52,INDIRECT("$P$1:$Z$"&$M$4),COLUMN()-1,0)) | I52: =IF($M$4=0,"",VLOOKUP($B52,INDIRECT("$P$1:$Z$"&$M$4),COLUMN()-1,0)) | J52: =IF($M$4=0,"",VLOOKUP($B52,INDIRECT("$P$1:$Z$"&$M$4),COLUMN()-1,0)) | ... L52: =IF($M$4=0,"",VLOOKUP($B52,INDIRECT("$P$1:$Z$"&$M$4),COLUMN()-1,0))
... B55: =IF(Calculation!BE61="","",Calculation!BE61) | C55: =IF($M$4=0,"",VLOOKUP($B55,INDIRECT("$P$1:$Z$"&$M$4),COLUMN()-1,0)) | D55: =IF($M$4=0,"",VLOOKUP($B55,INDIRECT("$P$1:$Z$"&$M$4),COLUMN()-1,0)) | E55: =IF($M$4=0,"",VLOOKUP($B55,INDIRECT("$P$1:$Z$"&$M$4),COLUMN()-1,0)) | F55: =IF($M$4=0,"",VLOOKUP($B55,INDIRECT("$P$1:$Z$"&$M$4),COLUMN()-1,0)) | G55: =IF($M$4=0,"",VLOOKUP($B55,INDIRECT("$P$1:$Z$"&$M$4),COLUMN()-1,0)) | H55: =IF($M$4=0,"",VLOOKUP($B55,INDIRECT("$P$1:$Z$"&$M$4),COLUMN()-1,0)) | I55: =IF($M$4=0,"",VLOOKUP($B55,INDIRECT("$P$1:$Z$"&$M$4),COLUMN()-1,0)) | J55: =IF($M$4=0,"",VLOOKUP($B55,INDIRECT("$P$1:$Z$"&$M$4),COLUMN()-1,0)) | ... L55: =IF($M$4=0,"",VLOOKUP($B55,INDIRECT("$P$1:$Z$"&$M$4),COLUMN()-1,0))

Sheet Case 3
B1: ELEMENT | C1: AXIAL | D1: SHEAR | E1: BENDING | F1: TORSION | G1: -----------Forces(N. | H1: )----------- | I1: ---------Moments(N.m. | J1: )------
B2: NODES: | C2: FORCE | D2: FORCE | E2: MOMENT | F2: MOMENT | G2: FX | H2: FY | I2: FZ | J2: MX | K2: MY | L2: MZ
B4: CASE | C4: =IF(P1="","","L"&MID(INDIRECT("P"&L4),6,2)) | D4: =IF(P1="","",MID(INDIRECT("P"&L4),SEARCH("(",INDIRECT("P"&L4),1)+1,3)) | E4: =IF(P1="","",MID(INDIRECT("P"&L4),SEARCH(")",INDIRECT("P"&L4),1)+2,LEN(INDIRECT("P"&L4)))) | L4: =IF(P1="","",MATCH("CASE*",P1:P10,0)) | M4: =ROUND(COUNT(P:P)*1.6,0) -> 0
B6: =IF(Calculation!BE11="","",Calculation!BE11) | C6: =IF($M$4=0,"",VLOOKUP($B6,INDIRECT("$P$1:$Z$"&$M$4),COLUMN()-1,0)) | D6: =IF($M$4=0,"",VLOOKUP($B6,INDIRECT("$P$1:$Z$"&$M$4),COLUMN()-1,0)) | E6: =IF($M$4=0,"",VLOOKUP($B6,INDIRECT("$P$1:$Z$"&$M$4),COLUMN()-1,0)) | F6: =IF($M$4=0,"",VLOOKUP($B6,INDIRECT("$P$1:$Z$"&$M$4),COLUMN()-1,0)) | G6: =IF($M$4=0,"",VLOOKUP($B6,INDIRECT("$P$1:$Z$"&$M$4),COLUMN()-1,0)) | H6: =IF($M$4=0,"",VLOOKUP($B6,INDIRECT("$P$1:$Z$"&$M$4),COLUMN()-1,0)) | I6: =IF($M$4=0,"",VLOOKUP($B6,INDIRECT("$P$1:$Z$"&$M$4),COLUMN()-1,0)) | J6: =IF($M$4=0,"",VLOOKUP($B6,INDIRECT("$P$1:$Z$"&$M$4),COLUMN()-1,0)) | ... L6: =IF($M$4=0,"",VLOOKUP($B6,INDIRECT("$P$1:$Z$"&$M$4),COLUMN()-1,0))
B7: =IF(Calculation!BE12="","",Calculation!BE12) | C7: =IF($M$4=0,"",VLOOKUP($B7,INDIRECT("$P$1:$Z$"&$M$4),COLUMN()-1,0)) | D7: =IF($M$4=0,"",VLOOKUP($B7,INDIRECT("$P$1:$Z$"&$M$4),COLUMN()-1,0)) | E7: =IF($M$4=0,"",VLOOKUP($B7,INDIRECT("$P$1:$Z$"&$M$4),COLUMN()-1,0)) | F7: =IF($M$4=0,"",VLOOKUP($B7,INDIRECT("$P$1:$Z$"&$M$4),COLUMN()-1,0)) | G7: =IF($M$4=0,"",VLOOKUP($B7,INDIRECT("$P$1:$Z$"&$M$4),COLUMN()-1,0)) | H7: =IF($M$4=0,"",VLOOKUP($B7,INDIRECT("$P$1:$Z$"&$M$4),COLUMN()-1,0)) | I7: =IF($M$4=0,"",VLOOKUP($B7,INDIRECT("$P$1:$Z$"&$M$4),COLUMN()-1,0)) | J7: =IF($M$4=0,"",VLOOKUP($B7,INDIRECT("$P$1:$Z$"&$M$4),COLUMN()-1,0)) | ... L7: =IF($M$4=0,"",VLOOKUP($B7,INDIRECT("$P$1:$Z$"&$M$4),COLUMN()-1,0))
B8: =IF(Calculation!BE13="","",Calculation!BE13) | C8: =IF($M$4=0,"",VLOOKUP($B8,INDIRECT("$P$1:$Z$"&$M$4),COLUMN()-1,0)) | D8: =IF($M$4=0,"",VLOOKUP($B8,INDIRECT("$P$1:$Z$"&$M$4),COLUMN()-1,0)) | E8: =IF($M$4=0,"",VLOOKUP($B8,INDIRECT("$P$1:$Z$"&$M$4),COLUMN()-1,0)) | F8: =IF($M$4=0,"",VLOOKUP($B8,INDIRECT("$P$1:$Z$"&$M$4),COLUMN()-1,0)) | G8: =IF($M$4=0,"",VLOOKUP($B8,INDIRECT("$P$1:$Z$"&$M$4),COLUMN()-1,0)) | H8: =IF($M$4=0,"",VLOOKUP($B8,INDIRECT("$P$1:$Z$"&$M$4),COLUMN()-1,0)) | I8: =IF($M$4=0,"",VLOOKUP($B8,INDIRECT("$P$1:$Z$"&$M$4),COLUMN()-1,0)) | J8: =IF($M$4=0,"",VLOOKUP($B8,INDIRECT("$P$1:$Z$"&$M$4),COLUMN()-1,0)) | ... L8: =IF($M$4=0,"",VLOOKUP($B8,INDIRECT("$P$1:$Z$"&$M$4),COLUMN()-1,0))
B9: =IF(Calculation!BE14="","",Calculation!BE14) | C9: =IF($M$4=0,"",VLOOKUP($B9,INDIRECT("$P$1:$Z$"&$M$4),COLUMN()-1,0)) | D9: =IF($M$4=0,"",VLOOKUP($B9,INDIRECT("$P$1:$Z$"&$M$4),COLUMN()-1,0)) | E9: =IF($M$4=0,"",VLOOKUP($B9,INDIRECT("$P$1:$Z$"&$M$4),COLUMN()-1,0)) | F9: =IF($M$4=0,"",VLOOKUP($B9,INDIRECT("$P$1:$Z$"&$M$4),COLUMN()-1,0)) | G9: =IF($M$4=0,"",VLOOKUP($B9,INDIRECT("$P$1:$Z$"&$M$4),COLUMN()-1,0)) | H9: =IF($M$4=0,"",VLOOKUP($B9,INDIRECT("$P$1:$Z$"&$M$4),COLUMN()-1,0)) | I9: =IF($M$4=0,"",VLOOKUP($B9,INDIRECT("$P$1:$Z$"&$M$4),COLUMN()-1,0)) | J9: =IF($M$4=0,"",VLOOKUP($B9,INDIRECT("$P$1:$Z$"&$M$4),COLUMN()-1,0)) | ... L9: =IF($M$4=0,"",VLOOKUP($B9,INDIRECT("$P$1:$Z$"&$M$4),COLUMN()-1,0))
B10: =IF(Calculation!BE15="","",Calculation!BE15) | C10: =IF($M$4=0,"",VLOOKUP($B10,INDIRECT("$P$1:$Z$"&$M$4),COLUMN()-1,0)) | D10: =IF($M$4=0,"",VLOOKUP($B10,INDIRECT("$P$1:$Z$"&$M$4),COLUMN()-1,0)) | E10: =IF($M$4=0,"",VLOOKUP($B10,INDIRECT("$P$1:$Z$"&$M$4),COLUMN()-1,0)) | F10: =IF($M$4=0,"",VLOOKUP($B10,INDIRECT("$P$1:$Z$"&$M$4),COLUMN()-1,0)) | G10: =IF($M$4=0,"",VLOOKUP($B10,INDIRECT("$P$1:$Z$"&$M$4),COLUMN()-1,0)) | H10: =IF($M$4=0,"",VLOOKUP($B10,INDIRECT("$P$1:$Z$"&$M$4),COLUMN()-1,0)) | I10: =IF($M$4=0,"",VLOOKUP($B10,INDIRECT("$P$1:$Z$"&$M$4),COLUMN()-1,0)) | J10: =IF($M$4=0,"",VLOOKUP($B10,INDIRECT("$P$1:$Z$"&$M$4),COLUMN()-1,0)) | ... L10: =IF($M$4=0,"",VLOOKUP($B10,INDIRECT("$P$1:$Z$"&$M$4),COLUMN()-1,0))
B11: =IF(Calculation!BE16="","",Calculation!BE16) | C11: =IF($M$4=0,"",VLOOKUP($B11,INDIRECT("$P$1:$Z$"&$M$4),COLUMN()-1,0)) | D11: =IF($M$4=0,"",VLOOKUP($B11,INDIRECT("$P$1:$Z$"&$M$4),COLUMN()-1,0)) | E11: =IF($M$4=0,"",VLOOKUP($B11,INDIRECT("$P$1:$Z$"&$M$4),COLUMN()-1,0)) | F11: =IF($M$4=0,"",VLOOKUP($B11,INDIRECT("$P$1:$Z$"&$M$4),COLUMN()-1,0)) | G11: =IF($M$4=0,"",VLOOKUP($B11,INDIRECT("$P$1:$Z$"&$M$4),COLUMN()-1,0)) | H11: =IF($M$4=0,"",VLOOKUP($B11,INDIRECT("$P$1:$Z$"&$M$4),COLUMN()-1,0)) | I11: =IF($M$4=0,"",VLOOKUP($B11,INDIRECT("$P$1:$Z$"&$M$4),COLUMN()-1,0)) | J11: =IF($M$4=0,"",VLOOKUP($B11,INDIRECT("$P$1:$Z$"&$M$4),COLUMN()-1,0)) | ... L11: =IF($M$4=0,"",VLOOKUP($B11,INDIRECT("$P$1:$Z$"&$M$4),COLUMN()-1,0))
B12: =IF(Calculation!BE17="","",Calculation!BE17) | C12: =IF($M$4=0,"",VLOOKUP($B12,INDIRECT("$P$1:$Z$"&$M$4),COLUMN()-1,0)) | D12: =IF($M$4=0,"",VLOOKUP($B12,INDIRECT("$P$1:$Z$"&$M$4),COLUMN()-1,0)) | E12: =IF($M$4=0,"",VLOOKUP($B12,INDIRECT("$P$1:$Z$"&$M$4),COLUMN()-1,0)) | F12: =IF($M$4=0,"",VLOOKUP($B12,INDIRECT("$P$1:$Z$"&$M$4),COLUMN()-1,0)) | G12: =IF($M$4=0,"",VLOOKUP($B12,INDIRECT("$P$1:$Z$"&$M$4),COLUMN()-1,0)) | H12: =IF($M$4=0,"",VLOOKUP($B12,INDIRECT("$P$1:$Z$"&$M$4),COLUMN()-1,0)) | I12: =IF($M$4=0,"",VLOOKUP($B12,INDIRECT("$P$1:$Z$"&$M$4),COLUMN()-1,0)) | J12: =IF($M$4=0,"",VLOOKUP($B12,INDIRECT("$P$1:$Z$"&$M$4),COLUMN()-1,0)) | ... L12: =IF($M$4=0,"",VLOOKUP($B12,INDIRECT("$P$1:$Z$"&$M$4),COLUMN()-1,0))
B13: =IF(Calculation!BE18="","",Calculation!BE18) | C13: =IF($M$4=0,"",VLOOKUP($B13,INDIRECT("$P$1:$Z$"&$M$4),COLUMN()-1,0)) | D13: =IF($M$4=0,"",VLOOKUP($B13,INDIRECT("$P$1:$Z$"&$M$4),COLUMN()-1,0)) | E13: =IF($M$4=0,"",VLOOKUP($B13,INDIRECT("$P$1:$Z$"&$M$4),COLUMN()-1,0)) | F13: =IF($M$4=0,"",VLOOKUP($B13,INDIRECT("$P$1:$Z$"&$M$4),COLUMN()-1,0)) | G13: =IF($M$4=0,"",VLOOKUP($B13,INDIRECT("$P$1:$Z$"&$M$4),COLUMN()-1,0)) | H13: =IF($M$4=0,"",VLOOKUP($B13,INDIRECT("$P$1:$Z$"&$M$4),COLUMN()-1,0)) | I13: =IF($M$4=0,"",VLOOKUP($B13,INDIRECT("$P$1:$Z$"&$M$4),COLUMN()-1,0)) | J13: =IF($M$4=0,"",VLOOKUP($B13,INDIRECT("$P$1:$Z$"&$M$4),COLUMN()-1,0)) | ... L13: =IF($M$4=0,"",VLOOKUP($B13,INDIRECT("$P$1:$Z$"&$M$4),COLUMN()-1,0))
B14: =IF(Calculation!BE19="","",Calculation!BE19) | C14: =IF($M$4=0,"",VLOOKUP($B14,INDIRECT("$P$1:$Z$"&$M$4),COLUMN()-1,0)) | D14: =IF($M$4=0,"",VLOOKUP($B14,INDIRECT("$P$1:$Z$"&$M$4),COLUMN()-1,0)) | E14: =IF($M$4=0,"",VLOOKUP($B14,INDIRECT("$P$1:$Z$"&$M$4),COLUMN()-1,0)) | F14: =IF($M$4=0,"",VLOOKUP($B14,INDIRECT("$P$1:$Z$"&$M$4),COLUMN()-1,0)) | G14: =IF($M$4=0,"",VLOOKUP($B14,INDIRECT("$P$1:$Z$"&$M$4),COLUMN()-1,0)) | H14: =IF($M$4=0,"",VLOOKUP($B14,INDIRECT("$P$1:$Z$"&$M$4),COLUMN()-1,0)) | I14: =IF($M$4=0,"",VLOOKUP($B14,INDIRECT("$P$1:$Z$"&$M$4),COLUMN()-1,0)) | J14: =IF($M$4=0,"",VLOOKUP($B14,INDIRECT("$P$1:$Z$"&$M$4),COLUMN()-1,0)) | ... L14: =IF($M$4=0,"",VLOOKUP($B14,INDIRECT("$P$1:$Z$"&$M$4),COLUMN()-1,0))
B15: =IF(Calculation!BE20="","",Calculation!BE20) | C15: =IF($M$4=0,"",VLOOKUP($B15,INDIRECT("$P$1:$Z$"&$M$4),COLUMN()-1,0)) | D15: =IF($M$4=0,"",VLOOKUP($B15,INDIRECT("$P$1:$Z$"&$M$4),COLUMN()-1,0)) | E15: =IF($M$4=0,"",VLOOKUP($B15,INDIRECT("$P$1:$Z$"&$M$4),COLUMN()-1,0)) | F15: =IF($M$4=0,"",VLOOKUP($B15,INDIRECT("$P$1:$Z$"&$M$4),COLUMN()-1,0)) | G15: =IF($M$4=0,"",VLOOKUP($B15,INDIRECT("$P$1:$Z$"&$M$4),COLUMN()-1,0)) | H15: =IF($M$4=0,"",VLOOKUP($B15,INDIRECT("$P$1:$Z$"&$M$4),COLUMN()-1,0)) | I15: =IF($M$4=0,"",VLOOKUP($B15,INDIRECT("$P$1:$Z$"&$M$4),COLUMN()-1,0)) | J15: =IF($M$4=0,"",VLOOKUP($B15,INDIRECT("$P$1:$Z$"&$M$4),COLUMN()-1,0)) | ... L15: =IF($M$4=0,"",VLOOKUP($B15,INDIRECT("$P$1:$Z$"&$M$4),COLUMN()-1,0))
B16: =IF(Calculation!BE21="","",Calculation!BE21) | C16: =IF($M$4=0,"",VLOOKUP($B16,INDIRECT("$P$1:$Z$"&$M$4),COLUMN()-1,0)) | D16: =IF($M$4=0,"",VLOOKUP($B16,INDIRECT("$P$1:$Z$"&$M$4),COLUMN()-1,0)) | E16: =IF($M$4=0,"",VLOOKUP($B16,INDIRECT("$P$1:$Z$"&$M$4),COLUMN()-1,0)) | F16: =IF($M$4=0,"",VLOOKUP($B16,INDIRECT("$P$1:$Z$"&$M$4),COLUMN()-1,0)) | G16: =IF($M$4=0,"",VLOOKUP($B16,INDIRECT("$P$1:$Z$"&$M$4),COLUMN()-1,0)) | H16: =IF($M$4=0,"",VLOOKUP($B16,INDIRECT("$P$1:$Z$"&$M$4),COLUMN()-1,0)) | I16: =IF($M$4=0,"",VLOOKUP($B16,INDIRECT("$P$1:$Z$"&$M$4),COLUMN()-1,0)) | J16: =IF($M$4=0,"",VLOOKUP($B16,INDIRECT("$P$1:$Z$"&$M$4),COLUMN()-1,0)) | ... L16: =IF($M$4=0,"",VLOOKUP($B16,INDIRECT("$P$1:$Z$"&$M$4),COLUMN()-1,0))
B17: =IF(Calculation!BE22="","",Calculation!BE22) | C17: =IF($M$4=0,"",VLOOKUP($B17,INDIRECT("$P$1:$Z$"&$M$4),COLUMN()-1,0)) | D17: =IF($M$4=0,"",VLOOKUP($B17,INDIRECT("$P$1:$Z$"&$M$4),COLUMN()-1,0)) | E17: =IF($M$4=0,"",VLOOKUP($B17,INDIRECT("$P$1:$Z$"&$M$4),COLUMN()-1,0)) | F17: =IF($M$4=0,"",VLOOKUP($B17,INDIRECT("$P$1:$Z$"&$M$4),COLUMN()-1,0)) | G17: =IF($M$4=0,"",VLOOKUP($B17,INDIRECT("$P$1:$Z$"&$M$4),COLUMN()-1,0)) | H17: =IF($M$4=0,"",VLOOKUP($B17,INDIRECT("$P$1:$Z$"&$M$4),COLUMN()-1,0)) | I17: =IF($M$4=0,"",VLOOKUP($B17,INDIRECT("$P$1:$Z$"&$M$4),COLUMN()-1,0)) | J17: =IF($M$4=0,"",VLOOKUP($B17,INDIRECT("$P$1:$Z$"&$M$4),COLUMN()-1,0)) | ... L17: =IF($M$4=0,"",VLOOKUP($B17,INDIRECT("$P$1:$Z$"&$M$4),COLUMN()-1,0))
... B40: =IF(Calculation!BE45="","",Calculation!BE45) | C40: =IF($M$4=0,"",VLOOKUP($B40,INDIRECT("$P$1:$Z$"&$M$4),COLUMN()-1,0)) | D40: =IF($M$4=0,"",VLOOKUP($B40,INDIRECT("$P$1:$Z$"&$M$4),COLUMN()-1,0)) | E40: =IF($M$4=0,"",VLOOKUP($B40,INDIRECT("$P$1:$Z$"&$M$4),COLUMN()-1,0)) | F40: =IF($M$4=0,"",VLOOKUP($B40,INDIRECT("$P$1:$Z$"&$M$4),COLUMN()-1,0)) | G40: =IF($M$4=0,"",VLOOKUP($B40,INDIRECT("$P$1:$Z$"&$M$4),COLUMN()-1,0)) | H40: =IF($M$4=0,"",VLOOKUP($B40,INDIRECT("$P$1:$Z$"&$M$4),COLUMN()-1,0)) | I40: =IF($M$4=0,"",VLOOKUP($B40,INDIRECT("$P$1:$Z$"&$M$4),COLUMN()-1,0)) | J40: =IF($M$4=0,"",VLOOKUP($B40,INDIRECT("$P$1:$Z$"&$M$4),COLUMN()-1,0)) | ... L40: =IF($M$4=0,"",VLOOKUP($B40,INDIRECT("$P$1:$Z$"&$M$4),COLUMN()-1,0))
B41: =IF(Calculation!BE47="","",Calculation!BE47) | C41: =IF($M$4=0,"",VLOOKUP($B41,INDIRECT("$P$1:$Z$"&$M$4),COLUMN()-1,0)) | D41: =IF($M$4=0,"",VLOOKUP($B41,INDIRECT("$P$1:$Z$"&$M$4),COLUMN()-1,0)) | E41: =IF($M$4=0,"",VLOOKUP($B41,INDIRECT("$P$1:$Z$"&$M$4),COLUMN()-1,0)) | F41: =IF($M$4=0,"",VLOOKUP($B41,INDIRECT("$P$1:$Z$"&$M$4),COLUMN()-1,0)) | G41: =IF($M$4=0,"",VLOOKUP($B41,INDIRECT("$P$1:$Z$"&$M$4),COLUMN()-1,0)) | H41: =IF($M$4=0,"",VLOOKUP($B41,INDIRECT("$P$1:$Z$"&$M$4),COLUMN()-1,0)) | I41: =IF($M$4=0,"",VLOOKUP($B41,INDIRECT("$P$1:$Z$"&$M$4),COLUMN()-1,0)) | J41: =IF($M$4=0,"",VLOOKUP($B41,INDIRECT("$P$1:$Z$"&$M$4),COLUMN()-1,0)) | ... L41: =IF($M$4=0,"",VLOOKUP($B41,INDIRECT("$P$1:$Z$"&$M$4),COLUMN()-1,0))
B42: =IF(Calculation!BE48="","",Calculation!BE48) | C42: =IF($M$4=0,"",VLOOKUP($B42,INDIRECT("$P$1:$Z$"&$M$4),COLUMN()-1,0)) | D42: =IF($M$4=0,"",VLOOKUP($B42,INDIRECT("$P$1:$Z$"&$M$4),COLUMN()-1,0)) | E42: =IF($M$4=0,"",VLOOKUP($B42,INDIRECT("$P$1:$Z$"&$M$4),COLUMN()-1,0)) | F42: =IF($M$4=0,"",VLOOKUP($B42,INDIRECT("$P$1:$Z$"&$M$4),COLUMN()-1,0)) | G42: =IF($M$4=0,"",VLOOKUP($B42,INDIRECT("$P$1:$Z$"&$M$4),COLUMN()-1,0)) | H42: =IF($M$4=0,"",VLOOKUP($B42,INDIRECT("$P$1:$Z$"&$M$4),COLUMN()-1,0)) | I42: =IF($M$4=0,"",VLOOKUP($B42,INDIRECT("$P$1:$Z$"&$M$4),COLUMN()-1,0)) | J42: =IF($M$4=0,"",VLOOKUP($B42,INDIRECT("$P$1:$Z$"&$M$4),COLUMN()-1,0)) | ... L42: =IF($M$4=0,"",VLOOKUP($B42,INDIRECT("$P$1:$Z$"&$M$4),COLUMN()-1,0))
B43: =IF(Calculation!BE49="","",Calculation!BE49) | C43: =IF($M$4=0,"",VLOOKUP($B43,INDIRECT("$P$1:$Z$"&$M$4),COLUMN()-1,0)) | D43: =IF($M$4=0,"",VLOOKUP($B43,INDIRECT("$P$1:$Z$"&$M$4),COLUMN()-1,0)) | E43: =IF($M$4=0,"",VLOOKUP($B43,INDIRECT("$P$1:$Z$"&$M$4),COLUMN()-1,0)) | F43: =IF($M$4=0,"",VLOOKUP($B43,INDIRECT("$P$1:$Z$"&$M$4),COLUMN()-1,0)) | G43: =IF($M$4=0,"",VLOOKUP($B43,INDIRECT("$P$1:$Z$"&$M$4),COLUMN()-1,0)) | H43: =IF($M$4=0,"",VLOOKUP($B43,INDIRECT("$P$1:$Z$"&$M$4),COLUMN()-1,0)) | I43: =IF($M$4=0,"",VLOOKUP($B43,INDIRECT("$P$1:$Z$"&$M$4),COLUMN()-1,0)) | J43: =IF($M$4=0,"",VLOOKUP($B43,INDIRECT("$P$1:$Z$"&$M$4),COLUMN()-1,0)) | ... L43: =IF($M$4=0,"",VLOOKUP($B43,INDIRECT("$P$1:$Z$"&$M$4),COLUMN()-1,0))
B44: =IF(Calculation!BE50="","",Calculation!BE50) | C44: =IF($M$4=0,"",VLOOKUP($B44,INDIRECT("$P$1:$Z$"&$M$4),COLUMN()-1,0)) | D44: =IF($M$4=0,"",VLOOKUP($B44,INDIRECT("$P$1:$Z$"&$M$4),COLUMN()-1,0)) | E44: =IF($M$4=0,"",VLOOKUP($B44,INDIRECT("$P$1:$Z$"&$M$4),COLUMN()-1,0)) | F44: =IF($M$4=0,"",VLOOKUP($B44,INDIRECT("$P$1:$Z$"&$M$4),COLUMN()-1,0)) | G44: =IF($M$4=0,"",VLOOKUP($B44,INDIRECT("$P$1:$Z$"&$M$4),COLUMN()-1,0)) | H44: =IF($M$4=0,"",VLOOKUP($B44,INDIRECT("$P$1:$Z$"&$M$4),COLUMN()-1,0)) | I44: =IF($M$4=0,"",VLOOKUP($B44,INDIRECT("$P$1:$Z$"&$M$4),COLUMN()-1,0)) | J44: =IF($M$4=0,"",VLOOKUP($B44,INDIRECT("$P$1:$Z$"&$M$4),COLUMN()-1,0)) | ... L44: =IF($M$4=0,"",VLOOKUP($B44,INDIRECT("$P$1:$Z$"&$M$4),COLUMN()-1,0))
B45: =IF(Calculation!BE51="","",Calculation!BE51) | C45: =IF($M$4=0,"",VLOOKUP($B45,INDIRECT("$P$1:$Z$"&$M$4),COLUMN()-1,0)) | D45: =IF($M$4=0,"",VLOOKUP($B45,INDIRECT("$P$1:$Z$"&$M$4),COLUMN()-1,0)) | E45: =IF($M$4=0,"",VLOOKUP($B45,INDIRECT("$P$1:$Z$"&$M$4),COLUMN()-1,0)) | F45: =IF($M$4=0,"",VLOOKUP($B45,INDIRECT("$P$1:$Z$"&$M$4),COLUMN()-1,0)) | G45: =IF($M$4=0,"",VLOOKUP($B45,INDIRECT("$P$1:$Z$"&$M$4),COLUMN()-1,0)) | H45: =IF($M$4=0,"",VLOOKUP($B45,INDIRECT("$P$1:$Z$"&$M$4),COLUMN()-1,0)) | I45: =IF($M$4=0,"",VLOOKUP($B45,INDIRECT("$P$1:$Z$"&$M$4),COLUMN()-1,0)) | J45: =IF($M$4=0,"",VLOOKUP($B45,INDIRECT("$P$1:$Z$"&$M$4),COLUMN()-1,0)) | ... L45: =IF($M$4=0,"",VLOOKUP($B45,INDIRECT("$P$1:$Z$"&$M$4),COLUMN()-1,0))
B46: =IF(Calculation!BE52="","",Calculation!BE52) | C46: =IF($M$4=0,"",VLOOKUP($B46,INDIRECT("$P$1:$Z$"&$M$4),COLUMN()-1,0)) | D46: =IF($M$4=0,"",VLOOKUP($B46,INDIRECT("$P$1:$Z$"&$M$4),COLUMN()-1,0)) | E46: =IF($M$4=0,"",VLOOKUP($B46,INDIRECT("$P$1:$Z$"&$M$4),COLUMN()-1,0)) | F46: =IF($M$4=0,"",VLOOKUP($B46,INDIRECT("$P$1:$Z$"&$M$4),COLUMN()-1,0)) | G46: =IF($M$4=0,"",VLOOKUP($B46,INDIRECT("$P$1:$Z$"&$M$4),COLUMN()-1,0)) | H46: =IF($M$4=0,"",VLOOKUP($B46,INDIRECT("$P$1:$Z$"&$M$4),COLUMN()-1,0)) | I46: =IF($M$4=0,"",VLOOKUP($B46,INDIRECT("$P$1:$Z$"&$M$4),COLUMN()-1,0)) | J46: =IF($M$4=0,"",VLOOKUP($B46,INDIRECT("$P$1:$Z$"&$M$4),COLUMN()-1,0)) | ... L46: =IF($M$4=0,"",VLOOKUP($B46,INDIRECT("$P$1:$Z$"&$M$4),COLUMN()-1,0))
B47: =IF(Calculation!BE53="","",Calculation!BE53) | C47: =IF($M$4=0,"",VLOOKUP($B47,INDIRECT("$P$1:$Z$"&$M$4),COLUMN()-1,0)) | D47: =IF($M$4=0,"",VLOOKUP($B47,INDIRECT("$P$1:$Z$"&$M$4),COLUMN()-1,0)) | E47: =IF($M$4=0,"",VLOOKUP($B47,INDIRECT("$P$1:$Z$"&$M$4),COLUMN()-1,0)) | F47: =IF($M$4=0,"",VLOOKUP($B47,INDIRECT("$P$1:$Z$"&$M$4),COLUMN()-1,0)) | G47: =IF($M$4=0,"",VLOOKUP($B47,INDIRECT("$P$1:$Z$"&$M$4),COLUMN()-1,0)) | H47: =IF($M$4=0,"",VLOOKUP($B47,INDIRECT("$P$1:$Z$"&$M$4),COLUMN()-1,0)) | I47: =IF($M$4=0,"",VLOOKUP($B47,INDIRECT("$P$1:$Z$"&$M$4),COLUMN()-1,0)) | J47: =IF($M$4=0,"",VLOOKUP($B47,INDIRECT("$P$1:$Z$"&$M$4),COLUMN()-1,0)) | ... L47: =IF($M$4=0,"",VLOOKUP($B47,INDIRECT("$P$1:$Z$"&$M$4),COLUMN()-1,0))
B48: =IF(Calculation!BE54="","",Calculation!BE54) | C48: =IF($M$4=0,"",VLOOKUP($B48,INDIRECT("$P$1:$Z$"&$M$4),COLUMN()-1,0)) | D48: =IF($M$4=0,"",VLOOKUP($B48,INDIRECT("$P$1:$Z$"&$M$4),COLUMN()-1,0)) | E48: =IF($M$4=0,"",VLOOKUP($B48,INDIRECT("$P$1:$Z$"&$M$4),COLUMN()-1,0)) | F48: =IF($M$4=0,"",VLOOKUP($B48,INDIRECT("$P$1:$Z$"&$M$4),COLUMN()-1,0)) | G48: =IF($M$4=0,"",VLOOKUP($B48,INDIRECT("$P$1:$Z$"&$M$4),COLUMN()-1,0)) | H48: =IF($M$4=0,"",VLOOKUP($B48,INDIRECT("$P$1:$Z$"&$M$4),COLUMN()-1,0)) | I48: =IF($M$4=0,"",VLOOKUP($B48,INDIRECT("$P$1:$Z$"&$M$4),COLUMN()-1,0)) | J48: =IF($M$4=0,"",VLOOKUP($B48,INDIRECT("$P$1:$Z$"&$M$4),COLUMN()-1,0)) | ... L48: =IF($M$4=0,"",VLOOKUP($B48,INDIRECT("$P$1:$Z$"&$M$4),COLUMN()-1,0))
B49: =IF(Calculation!BE55="","",Calculation!BE55) | C49: =IF($M$4=0,"",VLOOKUP($B49,INDIRECT("$P$1:$Z$"&$M$4),COLUMN()-1,0)) | D49: =IF($M$4=0,"",VLOOKUP($B49,INDIRECT("$P$1:$Z$"&$M$4),COLUMN()-1,0)) | E49: =IF($M$4=0,"",VLOOKUP($B49,INDIRECT("$P$1:$Z$"&$M$4),COLUMN()-1,0)) | F49: =IF($M$4=0,"",VLOOKUP($B49,INDIRECT("$P$1:$Z$"&$M$4),COLUMN()-1,0)) | G49: =IF($M$4=0,"",VLOOKUP($B49,INDIRECT("$P$1:$Z$"&$M$4),COLUMN()-1,0)) | H49: =IF($M$4=0,"",VLOOKUP($B49,INDIRECT("$P$1:$Z$"&$M$4),COLUMN()-1,0)) | I49: =IF($M$4=0,"",VLOOKUP($B49,INDIRECT("$P$1:$Z$"&$M$4),COLUMN()-1,0)) | J49: =IF($M$4=0,"",VLOOKUP($B49,INDIRECT("$P$1:$Z$"&$M$4),COLUMN()-1,0)) | ... L49: =IF($M$4=0,"",VLOOKUP($B49,INDIRECT("$P$1:$Z$"&$M$4),COLUMN()-1,0))
B50: =IF(Calculation!BE56="","",Calculation!BE56) | C50: =IF($M$4=0,"",VLOOKUP($B50,INDIRECT("$P$1:$Z$"&$M$4),COLUMN()-1,0)) | D50: =IF($M$4=0,"",VLOOKUP($B50,INDIRECT("$P$1:$Z$"&$M$4),COLUMN()-1,0)) | E50: =IF($M$4=0,"",VLOOKUP($B50,INDIRECT("$P$1:$Z$"&$M$4),COLUMN()-1,0)) | F50: =IF($M$4=0,"",VLOOKUP($B50,INDIRECT("$P$1:$Z$"&$M$4),COLUMN()-1,0)) | G50: =IF($M$4=0,"",VLOOKUP($B50,INDIRECT("$P$1:$Z$"&$M$4),COLUMN()-1,0)) | H50: =IF($M$4=0,"",VLOOKUP($B50,INDIRECT("$P$1:$Z$"&$M$4),COLUMN()-1,0)) | I50: =IF($M$4=0,"",VLOOKUP($B50,INDIRECT("$P$1:$Z$"&$M$4),COLUMN()-1,0)) | J50: =IF($M$4=0,"",VLOOKUP($B50,INDIRECT("$P$1:$Z$"&$M$4),COLUMN()-1,0)) | ... L50: =IF($M$4=0,"",VLOOKUP($B50,INDIRECT("$P$1:$Z$"&$M$4),COLUMN()-1,0))
B51: =IF(Calculation!BE57="","",Calculation!BE57) | C51: =IF($M$4=0,"",VLOOKUP($B51,INDIRECT("$P$1:$Z$"&$M$4),COLUMN()-1,0)) | D51: =IF($M$4=0,"",VLOOKUP($B51,INDIRECT("$P$1:$Z$"&$M$4),COLUMN()-1,0)) | E51: =IF($M$4=0,"",VLOOKUP($B51,INDIRECT("$P$1:$Z$"&$M$4),COLUMN()-1,0)) | F51: =IF($M$4=0,"",VLOOKUP($B51,INDIRECT("$P$1:$Z$"&$M$4),COLUMN()-1,0)) | G51: =IF($M$4=0,"",VLOOKUP($B51,INDIRECT("$P$1:$Z$"&$M$4),COLUMN()-1,0)) | H51: =IF($M$4=0,"",VLOOKUP($B51,INDIRECT("$P$1:$Z$"&$M$4),COLUMN()-1,0)) | I51: =IF($M$4=0,"",VLOOKUP($B51,INDIRECT("$P$1:$Z$"&$M$4),COLUMN()-1,0)) | J51: =IF($M$4=0,"",VLOOKUP($B51,INDIRECT("$P$1:$Z$"&$M$4),COLUMN()-1,0)) | ... L51: =IF($M$4=0,"",VLOOKUP($B51,INDIRECT("$P$1:$Z$"&$M$4),COLUMN()-1,0))
B52: =IF(Calculation!BE58="","",Calculation!BE58) | C52: =IF($M$4=0,"",VLOOKUP($B52,INDIRECT("$P$1:$Z$"&$M$4),COLUMN()-1,0)) | D52: =IF($M$4=0,"",VLOOKUP($B52,INDIRECT("$P$1:$Z$"&$M$4),COLUMN()-1,0)) | E52: =IF($M$4=0,"",VLOOKUP($B52,INDIRECT("$P$1:$Z$"&$M$4),COLUMN()-1,0)) | F52: =IF($M$4=0,"",VLOOKUP($B52,INDIRECT("$P$1:$Z$"&$M$4),COLUMN()-1,0)) | G52: =IF($M$4=0,"",VLOOKUP($B52,INDIRECT("$P$1:$Z$"&$M$4),COLUMN()-1,0)) | H52: =IF($M$4=0,"",VLOOKUP($B52,INDIRECT("$P$1:$Z$"&$M$4),COLUMN()-1,0)) | I52: =IF($M$4=0,"",VLOOKUP($B52,INDIRECT("$P$1:$Z$"&$M$4),COLUMN()-1,0)) | J52: =IF($M$4=0,"",VLOOKUP($B52,INDIRECT("$P$1:$Z$"&$M$4),COLUMN()-1,0)) | ... L52: =IF($M$4=0,"",VLOOKUP($B52,INDIRECT("$P$1:$Z$"&$M$4),COLUMN()-1,0))
... B55: =IF(Calculation!BE61="","",Calculation!BE61) | C55: =IF($M$4=0,"",VLOOKUP($B55,INDIRECT("$P$1:$Z$"&$M$4),COLUMN()-1,0)) | D55: =IF($M$4=0,"",VLOOKUP($B55,INDIRECT("$P$1:$Z$"&$M$4),COLUMN()-1,0)) | E55: =IF($M$4=0,"",VLOOKUP($B55,INDIRECT("$P$1:$Z$"&$M$4),COLUMN()-1,0)) | F55: =IF($M$4=0,"",VLOOKUP($B55,INDIRECT("$P$1:$Z$"&$M$4),COLUMN()-1,0)) | G55: =IF($M$4=0,"",VLOOKUP($B55,INDIRECT("$P$1:$Z$"&$M$4),COLUMN()-1,0)) | H55: =IF($M$4=0,"",VLOOKUP($B55,INDIRECT("$P$1:$Z$"&$M$4),COLUMN()-1,0)) | I55: =IF($M$4=0,"",VLOOKUP($B55,INDIRECT("$P$1:$Z$"&$M$4),COLUMN()-1,0)) | J55: =IF($M$4=0,"",VLOOKUP($B55,INDIRECT("$P$1:$Z$"&$M$4),COLUMN()-1,0)) | ... L55: =IF($M$4=0,"",VLOOKUP($B55,INDIRECT("$P$1:$Z$"&$M$4),COLUMN()-1,0))

Sheet Case 4
B1: ELEMENT | C1: AXIAL | D1: SHEAR | E1: BENDING | F1: TORSION | G1: -----------Forces(N. | H1: )----------- | I1: ---------Moments(N.m. | J1: )------
B2: NODES: | C2: FORCE | D2: FORCE | E2: MOMENT | F2: MOMENT | G2: FX | H2: FY | I2: FZ | J2: MX | K2: MY | L2: MZ
B4: CASE | C4: =IF(P1="","","L"&MID(INDIRECT("P"&L4),6,2)) | D4: =IF(P1="","",MID(INDIRECT("P"&L4),SEARCH("(",INDIRECT("P"&L4),1)+1,3)) | E4: =IF(P1="","",MID(INDIRECT("P"&L4),SEARCH(")",INDIRECT("P"&L4),1)+2,LEN(INDIRECT("P"&L4)))) | L4: =IF(P1="","",MATCH("CASE*",P1:P10,0)) | M4: =ROUND(COUNT(P:P)*1.6,0) -> 0
B6: =IF(Calculation!BE11="","",Calculation!BE11) | C6: =IF($M$4=0,"",VLOOKUP($B6,INDIRECT("$P$1:$Z$"&$M$4),COLUMN()-1,0)) | D6: =IF($M$4=0,"",VLOOKUP($B6,INDIRECT("$P$1:$Z$"&$M$4),COLUMN()-1,0)) | E6: =IF($M$4=0,"",VLOOKUP($B6,INDIRECT("$P$1:$Z$"&$M$4),COLUMN()-1,0)) | F6: =IF($M$4=0,"",VLOOKUP($B6,INDIRECT("$P$1:$Z$"&$M$4),COLUMN()-1,0)) | G6: =IF($M$4=0,"",VLOOKUP($B6,INDIRECT("$P$1:$Z$"&$M$4),COLUMN()-1,0)) | H6: =IF($M$4=0,"",VLOOKUP($B6,INDIRECT("$P$1:$Z$"&$M$4),COLUMN()-1,0)) | I6: =IF($M$4=0,"",VLOOKUP($B6,INDIRECT("$P$1:$Z$"&$M$4),COLUMN()-1,0)) | J6: =IF($M$4=0,"",VLOOKUP($B6,INDIRECT("$P$1:$Z$"&$M$4),COLUMN()-1,0)) | ... L6: =IF($M$4=0,"",VLOOKUP($B6,INDIRECT("$P$1:$Z$"&$M$4),COLUMN()-1,0))
B7: =IF(Calculation!BE12="","",Calculation!BE12) | C7: =IF($M$4=0,"",VLOOKUP($B7,INDIRECT("$P$1:$Z$"&$M$4),COLUMN()-1,0)) | D7: =IF($M$4=0,"",VLOOKUP($B7,INDIRECT("$P$1:$Z$"&$M$4),COLUMN()-1,0)) | E7: =IF($M$4=0,"",VLOOKUP($B7,INDIRECT("$P$1:$Z$"&$M$4),COLUMN()-1,0)) | F7: =IF($M$4=0,"",VLOOKUP($B7,INDIRECT("$P$1:$Z$"&$M$4),COLUMN()-1,0)) | G7: =IF($M$4=0,"",VLOOKUP($B7,INDIRECT("$P$1:$Z$"&$M$4),COLUMN()-1,0)) | H7: =IF($M$4=0,"",VLOOKUP($B7,INDIRECT("$P$1:$Z$"&$M$4),COLUMN()-1,0)) | I7: =IF($M$4=0,"",VLOOKUP($B7,INDIRECT("$P$1:$Z$"&$M$4),COLUMN()-1,0)) | J7: =IF($M$4=0,"",VLOOKUP($B7,INDIRECT("$P$1:$Z$"&$M$4),COLUMN()-1,0)) | ... L7: =IF($M$4=0,"",VLOOKUP($B7,INDIRECT("$P$1:$Z$"&$M$4),COLUMN()-1,0))
B8: =IF(Calculation!BE13="","",Calculation!BE13) | C8: =IF($M$4=0,"",VLOOKUP($B8,INDIRECT("$P$1:$Z$"&$M$4),COLUMN()-1,0)) | D8: =IF($M$4=0,"",VLOOKUP($B8,INDIRECT("$P$1:$Z$"&$M$4),COLUMN()-1,0)) | E8: =IF($M$4=0,"",VLOOKUP($B8,INDIRECT("$P$1:$Z$"&$M$4),COLUMN()-1,0)) | F8: =IF($M$4=0,"",VLOOKUP($B8,INDIRECT("$P$1:$Z$"&$M$4),COLUMN()-1,0)) | G8: =IF($M$4=0,"",VLOOKUP($B8,INDIRECT("$P$1:$Z$"&$M$4),COLUMN()-1,0)) | H8: =IF($M$4=0,"",VLOOKUP($B8,INDIRECT("$P$1:$Z$"&$M$4),COLUMN()-1,0)) | I8: =IF($M$4=0,"",VLOOKUP($B8,INDIRECT("$P$1:$Z$"&$M$4),COLUMN()-1,0)) | J8: =IF($M$4=0,"",VLOOKUP($B8,INDIRECT("$P$1:$Z$"&$M$4),COLUMN()-1,0)) | ... L8: =IF($M$4=0,"",VLOOKUP($B8,INDIRECT("$P$1:$Z$"&$M$4),COLUMN()-1,0))
B9: =IF(Calculation!BE14="","",Calculation!BE14) | C9: =IF($M$4=0,"",VLOOKUP($B9,INDIRECT("$P$1:$Z$"&$M$4),COLUMN()-1,0)) | D9: =IF($M$4=0,"",VLOOKUP($B9,INDIRECT("$P$1:$Z$"&$M$4),COLUMN()-1,0)) | E9: =IF($M$4=0,"",VLOOKUP($B9,INDIRECT("$P$1:$Z$"&$M$4),COLUMN()-1,0)) | F9: =IF($M$4=0,"",VLOOKUP($B9,INDIRECT("$P$1:$Z$"&$M$4),COLUMN()-1,0)) | G9: =IF($M$4=0,"",VLOOKUP($B9,INDIRECT("$P$1:$Z$"&$M$4),COLUMN()-1,0)) | H9: =IF($M$4=0,"",VLOOKUP($B9,INDIRECT("$P$1:$Z$"&$M$4),COLUMN()-1,0)) | I9: =IF($M$4=0,"",VLOOKUP($B9,INDIRECT("$P$1:$Z$"&$M$4),COLUMN()-1,0)) | J9: =IF($M$4=0,"",VLOOKUP($B9,INDIRECT("$P$1:$Z$"&$M$4),COLUMN()-1,0)) | ... L9: =IF($M$4=0,"",VLOOKUP($B9,INDIRECT("$P$1:$Z$"&$M$4),COLUMN()-1,0))
B10: =IF(Calculation!BE15="","",Calculation!BE15) | C10: =IF($M$4=0,"",VLOOKUP($B10,INDIRECT("$P$1:$Z$"&$M$4),COLUMN()-1,0)) | D10: =IF($M$4=0,"",VLOOKUP($B10,INDIRECT("$P$1:$Z$"&$M$4),COLUMN()-1,0)) | E10: =IF($M$4=0,"",VLOOKUP($B10,INDIRECT("$P$1:$Z$"&$M$4),COLUMN()-1,0)) | F10: =IF($M$4=0,"",VLOOKUP($B10,INDIRECT("$P$1:$Z$"&$M$4),COLUMN()-1,0)) | G10: =IF($M$4=0,"",VLOOKUP($B10,INDIRECT("$P$1:$Z$"&$M$4),COLUMN()-1,0)) | H10: =IF($M$4=0,"",VLOOKUP($B10,INDIRECT("$P$1:$Z$"&$M$4),COLUMN()-1,0)) | I10: =IF($M$4=0,"",VLOOKUP($B10,INDIRECT("$P$1:$Z$"&$M$4),COLUMN()-1,0)) | J10: =IF($M$4=0,"",VLOOKUP($B10,INDIRECT("$P$1:$Z$"&$M$4),COLUMN()-1,0)) | ... L10: =IF($M$4=0,"",VLOOKUP($B10,INDIRECT("$P$1:$Z$"&$M$4),COLUMN()-1,0))
B11: =IF(Calculation!BE16="","",Calculation!BE16) | C11: =IF($M$4=0,"",VLOOKUP($B11,INDIRECT("$P$1:$Z$"&$M$4),COLUMN()-1,0)) | D11: =IF($M$4=0,"",VLOOKUP($B11,INDIRECT("$P$1:$Z$"&$M$4),COLUMN()-1,0)) | E11: =IF($M$4=0,"",VLOOKUP($B11,INDIRECT("$P$1:$Z$"&$M$4),COLUMN()-1,0)) | F11: =IF($M$4=0,"",VLOOKUP($B11,INDIRECT("$P$1:$Z$"&$M$4),COLUMN()-1,0)) | G11: =IF($M$4=0,"",VLOOKUP($B11,INDIRECT("$P$1:$Z$"&$M$4),COLUMN()-1,0)) | H11: =IF($M$4=0,"",VLOOKUP($B11,INDIRECT("$P$1:$Z$"&$M$4),COLUMN()-1,0)) | I11: =IF($M$4=0,"",VLOOKUP($B11,INDIRECT("$P$1:$Z$"&$M$4),COLUMN()-1,0)) | J11: =IF($M$4=0,"",VLOOKUP($B11,INDIRECT("$P$1:$Z$"&$M$4),COLUMN()-1,0)) | ... L11: =IF($M$4=0,"",VLOOKUP($B11,INDIRECT("$P$1:$Z$"&$M$4),COLUMN()-1,0))
B12: =IF(Calculation!BE17="","",Calculation!BE17) | C12: =IF($M$4=0,"",VLOOKUP($B12,INDIRECT("$P$1:$Z$"&$M$4),COLUMN()-1,0)) | D12: =IF($M$4=0,"",VLOOKUP($B12,INDIRECT("$P$1:$Z$"&$M$4),COLUMN()-1,0)) | E12: =IF($M$4=0,"",VLOOKUP($B12,INDIRECT("$P$1:$Z$"&$M$4),COLUMN()-1,0)) | F12: =IF($M$4=0,"",VLOOKUP($B12,INDIRECT("$P$1:$Z$"&$M$4),COLUMN()-1,0)) | G12: =IF($M$4=0,"",VLOOKUP($B12,INDIRECT("$P$1:$Z$"&$M$4),COLUMN()-1,0)) | H12: =IF($M$4=0,"",VLOOKUP($B12,INDIRECT("$P$1:$Z$"&$M$4),COLUMN()-1,0)) | I12: =IF($M$4=0,"",VLOOKUP($B12,INDIRECT("$P$1:$Z$"&$M$4),COLUMN()-1,0)) | J12: =IF($M$4=0,"",VLOOKUP($B12,INDIRECT("$P$1:$Z$"&$M$4),COLUMN()-1,0)) | ... L12: =IF($M$4=0,"",VLOOKUP($B12,INDIRECT("$P$1:$Z$"&$M$4),COLUMN()-1,0))
B13: =IF(Calculation!BE18="","",Calculation!BE18) | C13: =IF($M$4=0,"",VLOOKUP($B13,INDIRECT("$P$1:$Z$"&$M$4),COLUMN()-1,0)) | D13: =IF($M$4=0,"",VLOOKUP($B13,INDIRECT("$P$1:$Z$"&$M$4),COLUMN()-1,0)) | E13: =IF($M$4=0,"",VLOOKUP($B13,INDIRECT("$P$1:$Z$"&$M$4),COLUMN()-1,0)) | F13: =IF($M$4=0,"",VLOOKUP($B13,INDIRECT("$P$1:$Z$"&$M$4),COLUMN()-1,0)) | G13: =IF($M$4=0,"",VLOOKUP($B13,INDIRECT("$P$1:$Z$"&$M$4),COLUMN()-1,0)) | H13: =IF($M$4=0,"",VLOOKUP($B13,INDIRECT("$P$1:$Z$"&$M$4),COLUMN()-1,0)) | I13: =IF($M$4=0,"",VLOOKUP($B13,INDIRECT("$P$1:$Z$"&$M$4),COLUMN()-1,0)) | J13: =IF($M$4=0,"",VLOOKUP($B13,INDIRECT("$P$1:$Z$"&$M$4),COLUMN()-1,0)) | ... L13: =IF($M$4=0,"",VLOOKUP($B13,INDIRECT("$P$1:$Z$"&$M$4),COLUMN()-1,0))
B14: =IF(Calculation!BE19="","",Calculation!BE19) | C14: =IF($M$4=0,"",VLOOKUP($B14,INDIRECT("$P$1:$Z$"&$M$4),COLUMN()-1,0)) | D14: =IF($M$4=0,"",VLOOKUP($B14,INDIRECT("$P$1:$Z$"&$M$4),COLUMN()-1,0)) | E14: =IF($M$4=0,"",VLOOKUP($B14,INDIRECT("$P$1:$Z$"&$M$4),COLUMN()-1,0)) | F14: =IF($M$4=0,"",VLOOKUP($B14,INDIRECT("$P$1:$Z$"&$M$4),COLUMN()-1,0)) | G14: =IF($M$4=0,"",VLOOKUP($B14,INDIRECT("$P$1:$Z$"&$M$4),COLUMN()-1,0)) | H14: =IF($M$4=0,"",VLOOKUP($B14,INDIRECT("$P$1:$Z$"&$M$4),COLUMN()-1,0)) | I14: =IF($M$4=0,"",VLOOKUP($B14,INDIRECT("$P$1:$Z$"&$M$4),COLUMN()-1,0)) | J14: =IF($M$4=0,"",VLOOKUP($B14,INDIRECT("$P$1:$Z$"&$M$4),COLUMN()-1,0)) | ... L14: =IF($M$4=0,"",VLOOKUP($B14,INDIRECT("$P$1:$Z$"&$M$4),COLUMN()-1,0))
B15: =IF(Calculation!BE20="","",Calculation!BE20) | C15: =IF($M$4=0,"",VLOOKUP($B15,INDIRECT("$P$1:$Z$"&$M$4),COLUMN()-1,0)) | D15: =IF($M$4=0,"",VLOOKUP($B15,INDIRECT("$P$1:$Z$"&$M$4),COLUMN()-1,0)) | E15: =IF($M$4=0,"",VLOOKUP($B15,INDIRECT("$P$1:$Z$"&$M$4),COLUMN()-1,0)) | F15: =IF($M$4=0,"",VLOOKUP($B15,INDIRECT("$P$1:$Z$"&$M$4),COLUMN()-1,0)) | G15: =IF($M$4=0,"",VLOOKUP($B15,INDIRECT("$P$1:$Z$"&$M$4),COLUMN()-1,0)) | H15: =IF($M$4=0,"",VLOOKUP($B15,INDIRECT("$P$1:$Z$"&$M$4),COLUMN()-1,0)) | I15: =IF($M$4=0,"",VLOOKUP($B15,INDIRECT("$P$1:$Z$"&$M$4),COLUMN()-1,0)) | J15: =IF($M$4=0,"",VLOOKUP($B15,INDIRECT("$P$1:$Z$"&$M$4),COLUMN()-1,0)) | ... L15: =IF($M$4=0,"",VLOOKUP($B15,INDIRECT("$P$1:$Z$"&$M$4),COLUMN()-1,0))
B16: =IF(Calculation!BE21="","",Calculation!BE21) | C16: =IF($M$4=0,"",VLOOKUP($B16,INDIRECT("$P$1:$Z$"&$M$4),COLUMN()-1,0)) | D16: =IF($M$4=0,"",VLOOKUP($B16,INDIRECT("$P$1:$Z$"&$M$4),COLUMN()-1,0)) | E16: =IF($M$4=0,"",VLOOKUP($B16,INDIRECT("$P$1:$Z$"&$M$4),COLUMN()-1,0)) | F16: =IF($M$4=0,"",VLOOKUP($B16,INDIRECT("$P$1:$Z$"&$M$4),COLUMN()-1,0)) | G16: =IF($M$4=0,"",VLOOKUP($B16,INDIRECT("$P$1:$Z$"&$M$4),COLUMN()-1,0)) | H16: =IF($M$4=0,"",VLOOKUP($B16,INDIRECT("$P$1:$Z$"&$M$4),COLUMN()-1,0)) | I16: =IF($M$4=0,"",VLOOKUP($B16,INDIRECT("$P$1:$Z$"&$M$4),COLUMN()-1,0)) | J16: =IF($M$4=0,"",VLOOKUP($B16,INDIRECT("$P$1:$Z$"&$M$4),COLUMN()-1,0)) | ... L16: =IF($M$4=0,"",VLOOKUP($B16,INDIRECT("$P$1:$Z$"&$M$4),COLUMN()-1,0))
B17: =IF(Calculation!BE22="","",Calculation!BE22) | C17: =IF($M$4=0,"",VLOOKUP($B17,INDIRECT("$P$1:$Z$"&$M$4),COLUMN()-1,0)) | D17: =IF($M$4=0,"",VLOOKUP($B17,INDIRECT("$P$1:$Z$"&$M$4),COLUMN()-1,0)) | E17: =IF($M$4=0,"",VLOOKUP($B17,INDIRECT("$P$1:$Z$"&$M$4),COLUMN()-1,0)) | F17: =IF($M$4=0,"",VLOOKUP($B17,INDIRECT("$P$1:$Z$"&$M$4),COLUMN()-1,0)) | G17: =IF($M$4=0,"",VLOOKUP($B17,INDIRECT("$P$1:$Z$"&$M$4),COLUMN()-1,0)) | H17: =IF($M$4=0,"",VLOOKUP($B17,INDIRECT("$P$1:$Z$"&$M$4),COLUMN()-1,0)) | I17: =IF($M$4=0,"",VLOOKUP($B17,INDIRECT("$P$1:$Z$"&$M$4),COLUMN()-1,0)) | J17: =IF($M$4=0,"",VLOOKUP($B17,INDIRECT("$P$1:$Z$"&$M$4),COLUMN()-1,0)) | ... L17: =IF($M$4=0,"",VLOOKUP($B17,INDIRECT("$P$1:$Z$"&$M$4),COLUMN()-1,0))
... B40: =IF(Calculation!BE45="","",Calculation!BE45) | C40: =IF($M$4=0,"",VLOOKUP($B40,INDIRECT("$P$1:$Z$"&$M$4),COLUMN()-1,0)) | D40: =IF($M$4=0,"",VLOOKUP($B40,INDIRECT("$P$1:$Z$"&$M$4),COLUMN()-1,0)) | E40: =IF($M$4=0,"",VLOOKUP($B40,INDIRECT("$P$1:$Z$"&$M$4),COLUMN()-1,0)) | F40: =IF($M$4=0,"",VLOOKUP($B40,INDIRECT("$P$1:$Z$"&$M$4),COLUMN()-1,0)) | G40: =IF($M$4=0,"",VLOOKUP($B40,INDIRECT("$P$1:$Z$"&$M$4),COLUMN()-1,0)) | H40: =IF($M$4=0,"",VLOOKUP($B40,INDIRECT("$P$1:$Z$"&$M$4),COLUMN()-1,0)) | I40: =IF($M$4=0,"",VLOOKUP($B40,INDIRECT("$P$1:$Z$"&$M$4),COLUMN()-1,0)) | J40: =IF($M$4=0,"",VLOOKUP($B40,INDIRECT("$P$1:$Z$"&$M$4),COLUMN()-1,0)) | ... L40: =IF($M$4=0,"",VLOOKUP($B40,INDIRECT("$P$1:$Z$"&$M$4),COLUMN()-1,0))
B41: =IF(Calculation!BE47="","",Calculation!BE47) | C41: =IF($M$4=0,"",VLOOKUP($B41,INDIRECT("$P$1:$Z$"&$M$4),COLUMN()-1,0)) | D41: =IF($M$4=0,"",VLOOKUP($B41,INDIRECT("$P$1:$Z$"&$M$4),COLUMN()-1,0)) | E41: =IF($M$4=0,"",VLOOKUP($B41,INDIRECT("$P$1:$Z$"&$M$4),COLUMN()-1,0)) | F41: =IF($M$4=0,"",VLOOKUP($B41,INDIRECT("$P$1:$Z$"&$M$4),COLUMN()-1,0)) | G41: =IF($M$4=0,"",VLOOKUP($B41,INDIRECT("$P$1:$Z$"&$M$4),COLUMN()-1,0)) | H41: =IF($M$4=0,"",VLOOKUP($B41,INDIRECT("$P$1:$Z$"&$M$4),COLUMN()-1,0)) | I41: =IF($M$4=0,"",VLOOKUP($B41,INDIRECT("$P$1:$Z$"&$M$4),COLUMN()-1,0)) | J41: =IF($M$4=0,"",VLOOKUP($B41,INDIRECT("$P$1:$Z$"&$M$4),COLUMN()-1,0)) | ... L41: =IF($M$4=0,"",VLOOKUP($B41,INDIRECT("$P$1:$Z$"&$M$4),COLUMN()-1,0))
B42: =IF(Calculation!BE48="","",Calculation!BE48) | C42: =IF($M$4=0,"",VLOOKUP($B42,INDIRECT("$P$1:$Z$"&$M$4),COLUMN()-1,0)) | D42: =IF($M$4=0,"",VLOOKUP($B42,INDIRECT("$P$1:$Z$"&$M$4),COLUMN()-1,0)) | E42: =IF($M$4=0,"",VLOOKUP($B42,INDIRECT("$P$1:$Z$"&$M$4),COLUMN()-1,0)) | F42: =IF($M$4=0,"",VLOOKUP($B42,INDIRECT("$P$1:$Z$"&$M$4),COLUMN()-1,0)) | G42: =IF($M$4=0,"",VLOOKUP($B42,INDIRECT("$P$1:$Z$"&$M$4),COLUMN()-1,0)) | H42: =IF($M$4=0,"",VLOOKUP($B42,INDIRECT("$P$1:$Z$"&$M$4),COLUMN()-1,0)) | I42: =IF($M$4=0,"",VLOOKUP($B42,INDIRECT("$P$1:$Z$"&$M$4),COLUMN()-1,0)) | J42: =IF($M$4=0,"",VLOOKUP($B42,INDIRECT("$P$1:$Z$"&$M$4),COLUMN()-1,0)) | ... L42: =IF($M$4=0,"",VLOOKUP($B42,INDIRECT("$P$1:$Z$"&$M$4),COLUMN()-1,0))
B43: =IF(Calculation!BE49="","",Calculation!BE49) | C43: =IF($M$4=0,"",VLOOKUP($B43,INDIRECT("$P$1:$Z$"&$M$4),COLUMN()-1,0)) | D43: =IF($M$4=0,"",VLOOKUP($B43,INDIRECT("$P$1:$Z$"&$M$4),COLUMN()-1,0)) | E43: =IF($M$4=0,"",VLOOKUP($B43,INDIRECT("$P$1:$Z$"&$M$4),COLUMN()-1,0)) | F43: =IF($M$4=0,"",VLOOKUP($B43,INDIRECT("$P$1:$Z$"&$M$4),COLUMN()-1,0)) | G43: =IF($M$4=0,"",VLOOKUP($B43,INDIRECT("$P$1:$Z$"&$M$4),COLUMN()-1,0)) | H43: =IF($M$4=0,"",VLOOKUP($B43,INDIRECT("$P$1:$Z$"&$M$4),COLUMN()-1,0)) | I43: =IF($M$4=0,"",VLOOKUP($B43,INDIRECT("$P$1:$Z$"&$M$4),COLUMN()-1,0)) | J43: =IF($M$4=0,"",VLOOKUP($B43,INDIRECT("$P$1:$Z$"&$M$4),COLUMN()-1,0)) | ... L43: =IF($M$4=0,"",VLOOKUP($B43,INDIRECT("$P$1:$Z$"&$M$4),COLUMN()-1,0))
B44: =IF(Calculation!BE50="","",Calculation!BE50) | C44: =IF($M$4=0,"",VLOOKUP($B44,INDIRECT("$P$1:$Z$"&$M$4),COLUMN()-1,0)) | D44: =IF($M$4=0,"",VLOOKUP($B44,INDIRECT("$P$1:$Z$"&$M$4),COLUMN()-1,0)) | E44: =IF($M$4=0,"",VLOOKUP($B44,INDIRECT("$P$1:$Z$"&$M$4),COLUMN()-1,0)) | F44: =IF($M$4=0,"",VLOOKUP($B44,INDIRECT("$P$1:$Z$"&$M$4),COLUMN()-1,0)) | G44: =IF($M$4=0,"",VLOOKUP($B44,INDIRECT("$P$1:$Z$"&$M$4),COLUMN()-1,0)) | H44: =IF($M$4=0,"",VLOOKUP($B44,INDIRECT("$P$1:$Z$"&$M$4),COLUMN()-1,0)) | I44: =IF($M$4=0,"",VLOOKUP($B44,INDIRECT("$P$1:$Z$"&$M$4),COLUMN()-1,0)) | J44: =IF($M$4=0,"",VLOOKUP($B44,INDIRECT("$P$1:$Z$"&$M$4),COLUMN()-1,0)) | ... L44: =IF($M$4=0,"",VLOOKUP($B44,INDIRECT("$P$1:$Z$"&$M$4),COLUMN()-1,0))
B45: =IF(Calculation!BE51="","",Calculation!BE51) | C45: =IF($M$4=0,"",VLOOKUP($B45,INDIRECT("$P$1:$Z$"&$M$4),COLUMN()-1,0)) | D45: =IF($M$4=0,"",VLOOKUP($B45,INDIRECT("$P$1:$Z$"&$M$4),COLUMN()-1,0)) | E45: =IF($M$4=0,"",VLOOKUP($B45,INDIRECT("$P$1:$Z$"&$M$4),COLUMN()-1,0)) | F45: =IF($M$4=0,"",VLOOKUP($B45,INDIRECT("$P$1:$Z$"&$M$4),COLUMN()-1,0)) | G45: =IF($M$4=0,"",VLOOKUP($B45,INDIRECT("$P$1:$Z$"&$M$4),COLUMN()-1,0)) | H45: =IF($M$4=0,"",VLOOKUP($B45,INDIRECT("$P$1:$Z$"&$M$4),COLUMN()-1,0)) | I45: =IF($M$4=0,"",VLOOKUP($B45,INDIRECT("$P$1:$Z$"&$M$4),COLUMN()-1,0)) | J45: =IF($M$4=0,"",VLOOKUP($B45,INDIRECT("$P$1:$Z$"&$M$4),COLUMN()-1,0)) | ... L45: =IF($M$4=0,"",VLOOKUP($B45,INDIRECT("$P$1:$Z$"&$M$4),COLUMN()-1,0))
B46: =IF(Calculation!BE52="","",Calculation!BE52) | C46: =IF($M$4=0,"",VLOOKUP($B46,INDIRECT("$P$1:$Z$"&$M$4),COLUMN()-1,0)) | D46: =IF($M$4=0,"",VLOOKUP($B46,INDIRECT("$P$1:$Z$"&$M$4),COLUMN()-1,0)) | E46: =IF($M$4=0,"",VLOOKUP($B46,INDIRECT("$P$1:$Z$"&$M$4),COLUMN()-1,0)) | F46: =IF($M$4=0,"",VLOOKUP($B46,INDIRECT("$P$1:$Z$"&$M$4),COLUMN()-1,0)) | G46: =IF($M$4=0,"",VLOOKUP($B46,INDIRECT("$P$1:$Z$"&$M$4),COLUMN()-1,0)) | H46: =IF($M$4=0,"",VLOOKUP($B46,INDIRECT("$P$1:$Z$"&$M$4),COLUMN()-1,0)) | I46: =IF($M$4=0,"",VLOOKUP($B46,INDIRECT("$P$1:$Z$"&$M$4),COLUMN()-1,0)) | J46: =IF($M$4=0,"",VLOOKUP($B46,INDIRECT("$P$1:$Z$"&$M$4),COLUMN()-1,0)) | ... L46: =IF($M$4=0,"",VLOOKUP($B46,INDIRECT("$P$1:$Z$"&$M$4),COLUMN()-1,0))
B47: =IF(Calculation!BE53="","",Calculation!BE53) | C47: =IF($M$4=0,"",VLOOKUP($B47,INDIRECT("$P$1:$Z$"&$M$4),COLUMN()-1,0)) | D47: =IF($M$4=0,"",VLOOKUP($B47,INDIRECT("$P$1:$Z$"&$M$4),COLUMN()-1,0)) | E47: =IF($M$4=0,"",VLOOKUP($B47,INDIRECT("$P$1:$Z$"&$M$4),COLUMN()-1,0)) | F47: =IF($M$4=0,"",VLOOKUP($B47,INDIRECT("$P$1:$Z$"&$M$4),COLUMN()-1,0)) | G47: =IF($M$4=0,"",VLOOKUP($B47,INDIRECT("$P$1:$Z$"&$M$4),COLUMN()-1,0)) | H47: =IF($M$4=0,"",VLOOKUP($B47,INDIRECT("$P$1:$Z$"&$M$4),COLUMN()-1,0)) | I47: =IF($M$4=0,"",VLOOKUP($B47,INDIRECT("$P$1:$Z$"&$M$4),COLUMN()-1,0)) | J47: =IF($M$4=0,"",VLOOKUP($B47,INDIRECT("$P$1:$Z$"&$M$4),COLUMN()-1,0)) | ... L47: =IF($M$4=0,"",VLOOKUP($B47,INDIRECT("$P$1:$Z$"&$M$4),COLUMN()-1,0))
B48: =IF(Calculation!BE54="","",Calculation!BE54) | C48: =IF($M$4=0,"",VLOOKUP($B48,INDIRECT("$P$1:$Z$"&$M$4),COLUMN()-1,0)) | D48: =IF($M$4=0,"",VLOOKUP($B48,INDIRECT("$P$1:$Z$"&$M$4),COLUMN()-1,0)) | E48: =IF($M$4=0,"",VLOOKUP($B48,INDIRECT("$P$1:$Z$"&$M$4),COLUMN()-1,0)) | F48: =IF($M$4=0,"",VLOOKUP($B48,INDIRECT("$P$1:$Z$"&$M$4),COLUMN()-1,0)) | G48: =IF($M$4=0,"",VLOOKUP($B48,INDIRECT("$P$1:$Z$"&$M$4),COLUMN()-1,0)) | H48: =IF($M$4=0,"",VLOOKUP($B48,INDIRECT("$P$1:$Z$"&$M$4),COLUMN()-1,0)) | I48: =IF($M$4=0,"",VLOOKUP($B48,INDIRECT("$P$1:$Z$"&$M$4),COLUMN()-1,0)) | J48: =IF($M$4=0,"",VLOOKUP($B48,INDIRECT("$P$1:$Z$"&$M$4),COLUMN()-1,0)) | ... L48: =IF($M$4=0,"",VLOOKUP($B48,INDIRECT("$P$1:$Z$"&$M$4),COLUMN()-1,0))
B49: =IF(Calculation!BE55="","",Calculation!BE55) | C49: =IF($M$4=0,"",VLOOKUP($B49,INDIRECT("$P$1:$Z$"&$M$4),COLUMN()-1,0)) | D49: =IF($M$4=0,"",VLOOKUP($B49,INDIRECT("$P$1:$Z$"&$M$4),COLUMN()-1,0)) | E49: =IF($M$4=0,"",VLOOKUP($B49,INDIRECT("$P$1:$Z$"&$M$4),COLUMN()-1,0)) | F49: =IF($M$4=0,"",VLOOKUP($B49,INDIRECT("$P$1:$Z$"&$M$4),COLUMN()-1,0)) | G49: =IF($M$4=0,"",VLOOKUP($B49,INDIRECT("$P$1:$Z$"&$M$4),COLUMN()-1,0)) | H49: =IF($M$4=0,"",VLOOKUP($B49,INDIRECT("$P$1:$Z$"&$M$4),COLUMN()-1,0)) | I49: =IF($M$4=0,"",VLOOKUP($B49,INDIRECT("$P$1:$Z$"&$M$4),COLUMN()-1,0)) | J49: =IF($M$4=0,"",VLOOKUP($B49,INDIRECT("$P$1:$Z$"&$M$4),COLUMN()-1,0)) | ... L49: =IF($M$4=0,"",VLOOKUP($B49,INDIRECT("$P$1:$Z$"&$M$4),COLUMN()-1,0))
B50: =IF(Calculation!BE56="","",Calculation!BE56) | C50: =IF($M$4=0,"",VLOOKUP($B50,INDIRECT("$P$1:$Z$"&$M$4),COLUMN()-1,0)) | D50: =IF($M$4=0,"",VLOOKUP($B50,INDIRECT("$P$1:$Z$"&$M$4),COLUMN()-1,0)) | E50: =IF($M$4=0,"",VLOOKUP($B50,INDIRECT("$P$1:$Z$"&$M$4),COLUMN()-1,0)) | F50: =IF($M$4=0,"",VLOOKUP($B50,INDIRECT("$P$1:$Z$"&$M$4),COLUMN()-1,0)) | G50: =IF($M$4=0,"",VLOOKUP($B50,INDIRECT("$P$1:$Z$"&$M$4),COLUMN()-1,0)) | H50: =IF($M$4=0,"",VLOOKUP($B50,INDIRECT("$P$1:$Z$"&$M$4),COLUMN()-1,0)) | I50: =IF($M$4=0,"",VLOOKUP($B50,INDIRECT("$P$1:$Z$"&$M$4),COLUMN()-1,0)) | J50: =IF($M$4=0,"",VLOOKUP($B50,INDIRECT("$P$1:$Z$"&$M$4),COLUMN()-1,0)) | ... L50: =IF($M$4=0,"",VLOOKUP($B50,INDIRECT("$P$1:$Z$"&$M$4),COLUMN()-1,0))
B51: =IF(Calculation!BE57="","",Calculation!BE57) | C51: =IF($M$4=0,"",VLOOKUP($B51,INDIRECT("$P$1:$Z$"&$M$4),COLUMN()-1,0)) | D51: =IF($M$4=0,"",VLOOKUP($B51,INDIRECT("$P$1:$Z$"&$M$4),COLUMN()-1,0)) | E51: =IF($M$4=0,"",VLOOKUP($B51,INDIRECT("$P$1:$Z$"&$M$4),COLUMN()-1,0)) | F51: =IF($M$4=0,"",VLOOKUP($B51,INDIRECT("$P$1:$Z$"&$M$4),COLUMN()-1,0)) | G51: =IF($M$4=0,"",VLOOKUP($B51,INDIRECT("$P$1:$Z$"&$M$4),COLUMN()-1,0)) | H51: =IF($M$4=0,"",VLOOKUP($B51,INDIRECT("$P$1:$Z$"&$M$4),COLUMN()-1,0)) | I51: =IF($M$4=0,"",VLOOKUP($B51,INDIRECT("$P$1:$Z$"&$M$4),COLUMN()-1,0)) | J51: =IF($M$4=0,"",VLOOKUP($B51,INDIRECT("$P$1:$Z$"&$M$4),COLUMN()-1,0)) | ... L51: =IF($M$4=0,"",VLOOKUP($B51,INDIRECT("$P$1:$Z$"&$M$4),COLUMN()-1,0))
B52: =IF(Calculation!BE58="","",Calculation!BE58) | C52: =IF($M$4=0,"",VLOOKUP($B52,INDIRECT("$P$1:$Z$"&$M$4),COLUMN()-1,0)) | D52: =IF($M$4=0,"",VLOOKUP($B52,INDIRECT("$P$1:$Z$"&$M$4),COLUMN()-1,0)) | E52: =IF($M$4=0,"",VLOOKUP($B52,INDIRECT("$P$1:$Z$"&$M$4),COLUMN()-1,0)) | F52: =IF($M$4=0,"",VLOOKUP($B52,INDIRECT("$P$1:$Z$"&$M$4),COLUMN()-1,0)) | G52: =IF($M$4=0,"",VLOOKUP($B52,INDIRECT("$P$1:$Z$"&$M$4),COLUMN()-1,0)) | H52: =IF($M$4=0,"",VLOOKUP($B52,INDIRECT("$P$1:$Z$"&$M$4),COLUMN()-1,0)) | I52: =IF($M$4=0,"",VLOOKUP($B52,INDIRECT("$P$1:$Z$"&$M$4),COLUMN()-1,0)) | J52: =IF($M$4=0,"",VLOOKUP($B52,INDIRECT("$P$1:$Z$"&$M$4),COLUMN()-1,0)) | ... L52: =IF($M$4=0,"",VLOOKUP($B52,INDIRECT("$P$1:$Z$"&$M$4),COLUMN()-1,0))
... B55: =IF(Calculation!BE61="","",Calculation!BE61) | C55: =IF($M$4=0,"",VLOOKUP($B55,INDIRECT("$P$1:$Z$"&$M$4),COLUMN()-1,0)) | D55: =IF($M$4=0,"",VLOOKUP($B55,INDIRECT("$P$1:$Z$"&$M$4),COLUMN()-1,0)) | E55: =IF($M$4=0,"",VLOOKUP($B55,INDIRECT("$P$1:$Z$"&$M$4),COLUMN()-1,0)) | F55: =IF($M$4=0,"",VLOOKUP($B55,INDIRECT("$P$1:$Z$"&$M$4),COLUMN()-1,0)) | G55: =IF($M$4=0,"",VLOOKUP($B55,INDIRECT("$P$1:$Z$"&$M$4),COLUMN()-1,0)) | H55: =IF($M$4=0,"",VLOOKUP($B55,INDIRECT("$P$1:$Z$"&$M$4),COLUMN()-1,0)) | I55: =IF($M$4=0,"",VLOOKUP($B55,INDIRECT("$P$1:$Z$"&$M$4),COLUMN()-1,0)) | J55: =IF($M$4=0,"",VLOOKUP($B55,INDIRECT("$P$1:$Z$"&$M$4),COLUMN()-1,0)) | ... L55: =IF($M$4=0,"",VLOOKUP($B55,INDIRECT("$P$1:$Z$"&$M$4),COLUMN()-1,0))

Sheet Case 5
B1: ELEMENT | C1: AXIAL | D1: SHEAR | E1: BENDING | F1: TORSION | G1: -----------Forces(N. | H1: )----------- | I1: ---------Moments(N.m. | J1: )------
B2: NODES: | C2: FORCE | D2: FORCE | E2: MOMENT | F2: MOMENT | G2: FX | H2: FY | I2: FZ | J2: MX | K2: MY | L2: MZ
B4: CASE | C4: =IF(P1="","","L"&MID(INDIRECT("P"&L4),6,2)) | D4: =IF(P1="","",MID(INDIRECT("P"&L4),SEARCH("(",INDIRECT("P"&L4),1)+1,3)) | E4: =IF(P1="","",MID(INDIRECT("P"&L4),SEARCH(")",INDIRECT("P"&L4),1)+2,LEN(INDIRECT("P"&L4)))) | L4: =IF(P1="","",MATCH("CASE*",P1:P10,0)) | M4: =ROUND(COUNT(P:P)*1.6,0) -> 0
B6: =IF(Calculation!BE11="","",Calculation!BE11) | C6: =IF($M$4=0,"",VLOOKUP($B6,INDIRECT("$P$1:$Z$"&$M$4),COLUMN()-1,0)) | D6: =IF($M$4=0,"",VLOOKUP($B6,INDIRECT("$P$1:$Z$"&$M$4),COLUMN()-1,0)) | E6: =IF($M$4=0,"",VLOOKUP($B6,INDIRECT("$P$1:$Z$"&$M$4),COLUMN()-1,0)) | F6: =IF($M$4=0,"",VLOOKUP($B6,INDIRECT("$P$1:$Z$"&$M$4),COLUMN()-1,0)) | G6: =IF($M$4=0,"",VLOOKUP($B6,INDIRECT("$P$1:$Z$"&$M$4),COLUMN()-1,0)) | H6: =IF($M$4=0,"",VLOOKUP($B6,INDIRECT("$P$1:$Z$"&$M$4),COLUMN()-1,0)) | I6: =IF($M$4=0,"",VLOOKUP($B6,INDIRECT("$P$1:$Z$"&$M$4),COLUMN()-1,0)) | J6: =IF($M$4=0,"",VLOOKUP($B6,INDIRECT("$P$1:$Z$"&$M$4),COLUMN()-1,0)) | ... L6: =IF($M$4=0,"",VLOOKUP($B6,INDIRECT("$P$1:$Z$"&$M$4),COLUMN()-1,0))
B7: =IF(Calculation!BE12="","",Calculation!BE12) | C7: =IF($M$4=0,"",VLOOKUP($B7,INDIRECT("$P$1:$Z$"&$M$4),COLUMN()-1,0)) | D7: =IF($M$4=0,"",VLOOKUP($B7,INDIRECT("$P$1:$Z$"&$M$4),COLUMN()-1,0)) | E7: =IF($M$4=0,"",VLOOKUP($B7,INDIRECT("$P$1:$Z$"&$M$4),COLUMN()-1,0)) | F7: =IF($M$4=0,"",VLOOKUP($B7,INDIRECT("$P$1:$Z$"&$M$4),COLUMN()-1,0)) | G7: =IF($M$4=0,"",VLOOKUP($B7,INDIRECT("$P$1:$Z$"&$M$4),COLUMN()-1,0)) | H7: =IF($M$4=0,"",VLOOKUP($B7,INDIRECT("$P$1:$Z$"&$M$4),COLUMN()-1,0)) | I7: =IF($M$4=0,"",VLOOKUP($B7,INDIRECT("$P$1:$Z$"&$M$4),COLUMN()-1,0)) | J7: =IF($M$4=0,"",VLOOKUP($B7,INDIRECT("$P$1:$Z$"&$M$4),COLUMN()-1,0)) | ... L7: =IF($M$4=0,"",VLOOKUP($B7,INDIRECT("$P$1:$Z$"&$M$4),COLUMN()-1,0))
B8: =IF(Calculation!BE13="","",Calculation!BE13) | C8: =IF($M$4=0,"",VLOOKUP($B8,INDIRECT("$P$1:$Z$"&$M$4),COLUMN()-1,0)) | D8: =IF($M$4=0,"",VLOOKUP($B8,INDIRECT("$P$1:$Z$"&$M$4),COLUMN()-1,0)) | E8: =IF($M$4=0,"",VLOOKUP($B8,INDIRECT("$P$1:$Z$"&$M$4),COLUMN()-1,0)) | F8: =IF($M$4=0,"",VLOOKUP($B8,INDIRECT("$P$1:$Z$"&$M$4),COLUMN()-1,0)) | G8: =IF($M$4=0,"",VLOOKUP($B8,INDIRECT("$P$1:$Z$"&$M$4),COLUMN()-1,0)) | H8: =IF($M$4=0,"",VLOOKUP($B8,INDIRECT("$P$1:$Z$"&$M$4),COLUMN()-1,0)) | I8: =IF($M$4=0,"",VLOOKUP($B8,INDIRECT("$P$1:$Z$"&$M$4),COLUMN()-1,0)) | J8: =IF($M$4=0,"",VLOOKUP($B8,INDIRECT("$P$1:$Z$"&$M$4),COLUMN()-1,0)) | ... L8: =IF($M$4=0,"",VLOOKUP($B8,INDIRECT("$P$1:$Z$"&$M$4),COLUMN()-1,0))
B9: =IF(Calculation!BE14="","",Calculation!BE14) | C9: =IF($M$4=0,"",VLOOKUP($B9,INDIRECT("$P$1:$Z$"&$M$4),COLUMN()-1,0)) | D9: =IF($M$4=0,"",VLOOKUP($B9,INDIRECT("$P$1:$Z$"&$M$4),COLUMN()-1,0)) | E9: =IF($M$4=0,"",VLOOKUP($B9,INDIRECT("$P$1:$Z$"&$M$4),COLUMN()-1,0)) | F9: =IF($M$4=0,"",VLOOKUP($B9,INDIRECT("$P$1:$Z$"&$M$4),COLUMN()-1,0)) | G9: =IF($M$4=0,"",VLOOKUP($B9,INDIRECT("$P$1:$Z$"&$M$4),COLUMN()-1,0)) | H9: =IF($M$4=0,"",VLOOKUP($B9,INDIRECT("$P$1:$Z$"&$M$4),COLUMN()-1,0)) | I9: =IF($M$4=0,"",VLOOKUP($B9,INDIRECT("$P$1:$Z$"&$M$4),COLUMN()-1,0)) | J9: =IF($M$4=0,"",VLOOKUP($B9,INDIRECT("$P$1:$Z$"&$M$4),COLUMN()-1,0)) | ... L9: =IF($M$4=0,"",VLOOKUP($B9,INDIRECT("$P$1:$Z$"&$M$4),COLUMN()-1,0))
B10: =IF(Calculation!BE15="","",Calculation!BE15) | C10: =IF($M$4=0,"",VLOOKUP($B10,INDIRECT("$P$1:$Z$"&$M$4),COLUMN()-1,0)) | D10: =IF($M$4=0,"",VLOOKUP($B10,INDIRECT("$P$1:$Z$"&$M$4),COLUMN()-1,0)) | E10: =IF($M$4=0,"",VLOOKUP($B10,INDIRECT("$P$1:$Z$"&$M$4),COLUMN()-1,0)) | F10: =IF($M$4=0,"",VLOOKUP($B10,INDIRECT("$P$1:$Z$"&$M$4),COLUMN()-1,0)) | G10: =IF($M$4=0,"",VLOOKUP($B10,INDIRECT("$P$1:$Z$"&$M$4),COLUMN()-1,0)) | H10: =IF($M$4=0,"",VLOOKUP($B10,INDIRECT("$P$1:$Z$"&$M$4),COLUMN()-1,0)) | I10: =IF($M$4=0,"",VLOOKUP($B10,INDIRECT("$P$1:$Z$"&$M$4),COLUMN()-1,0)) | J10: =IF($M$4=0,"",VLOOKUP($B10,INDIRECT("$P$1:$Z$"&$M$4),COLUMN()-1,0)) | ... L10: =IF($M$4=0,"",VLOOKUP($B10,INDIRECT("$P$1:$Z$"&$M$4),COLUMN()-1,0))
B11: =IF(Calculation!BE16="","",Calculation!BE16) | C11: =IF($M$4=0,"",VLOOKUP($B11,INDIRECT("$P$1:$Z$"&$M$4),COLUMN()-1,0)) | D11: =IF($M$4=0,"",VLOOKUP($B11,INDIRECT("$P$1:$Z$"&$M$4),COLUMN()-1,0)) | E11: =IF($M$4=0,"",VLOOKUP($B11,INDIRECT("$P$1:$Z$"&$M$4),COLUMN()-1,0)) | F11: =IF($M$4=0,"",VLOOKUP($B11,INDIRECT("$P$1:$Z$"&$M$4),COLUMN()-1,0)) | G11: =IF($M$4=0,"",VLOOKUP($B11,INDIRECT("$P$1:$Z$"&$M$4),COLUMN()-1,0)) | H11: =IF($M$4=0,"",VLOOKUP($B11,INDIRECT("$P$1:$Z$"&$M$4),COLUMN()-1,0)) | I11: =IF($M$4=0,"",VLOOKUP($B11,INDIRECT("$P$1:$Z$"&$M$4),COLUMN()-1,0)) | J11: =IF($M$4=0,"",VLOOKUP($B11,INDIRECT("$P$1:$Z$"&$M$4),COLUMN()-1,0)) | ... L11: =IF($M$4=0,"",VLOOKUP($B11,INDIRECT("$P$1:$Z$"&$M$4),COLUMN()-1,0))
B12: =IF(Calculation!BE17="","",Calculation!BE17) | C12: =IF($M$4=0,"",VLOOKUP($B12,INDIRECT("$P$1:$Z$"&$M$4),COLUMN()-1,0)) | D12: =IF($M$4=0,"",VLOOKUP($B12,INDIRECT("$P$1:$Z$"&$M$4),COLUMN()-1,0)) | E12: =IF($M$4=0,"",VLOOKUP($B12,INDIRECT("$P$1:$Z$"&$M$4),COLUMN()-1,0)) | F12: =IF($M$4=0,"",VLOOKUP($B12,INDIRECT("$P$1:$Z$"&$M$4),COLUMN()-1,0)) | G12: =IF($M$4=0,"",VLOOKUP($B12,INDIRECT("$P$1:$Z$"&$M$4),COLUMN()-1,0)) | H12: =IF($M$4=0,"",VLOOKUP($B12,INDIRECT("$P$1:$Z$"&$M$4),COLUMN()-1,0)) | I12: =IF($M$4=0,"",VLOOKUP($B12,INDIRECT("$P$1:$Z$"&$M$4),COLUMN()-1,0)) | J12: =IF($M$4=0,"",VLOOKUP($B12,INDIRECT("$P$1:$Z$"&$M$4),COLUMN()-1,0)) | ... L12: =IF($M$4=0,"",VLOOKUP($B12,INDIRECT("$P$1:$Z$"&$M$4),COLUMN()-1,0))
B13: =IF(Calculation!BE18="","",Calculation!BE18) | C13: =IF($M$4=0,"",VLOOKUP($B13,INDIRECT("$P$1:$Z$"&$M$4),COLUMN()-1,0)) | D13: =IF($M$4=0,"",VLOOKUP($B13,INDIRECT("$P$1:$Z$"&$M$4),COLUMN()-1,0)) | E13: =IF($M$4=0,"",VLOOKUP($B13,INDIRECT("$P$1:$Z$"&$M$4),COLUMN()-1,0)) | F13: =IF($M$4=0,"",VLOOKUP($B13,INDIRECT("$P$1:$Z$"&$M$4),COLUMN()-1,0)) | G13: =IF($M$4=0,"",VLOOKUP($B13,INDIRECT("$P$1:$Z$"&$M$4),COLUMN()-1,0)) | H13: =IF($M$4=0,"",VLOOKUP($B13,INDIRECT("$P$1:$Z$"&$M$4),COLUMN()-1,0)) | I13: =IF($M$4=0,"",VLOOKUP($B13,INDIRECT("$P$1:$Z$"&$M$4),COLUMN()-1,0)) | J13: =IF($M$4=0,"",VLOOKUP($B13,INDIRECT("$P$1:$Z$"&$M$4),COLUMN()-1,0)) | ... L13: =IF($M$4=0,"",VLOOKUP($B13,INDIRECT("$P$1:$Z$"&$M$4),COLUMN()-1,0))
B14: =IF(Calculation!BE19="","",Calculation!BE19) | C14: =IF($M$4=0,"",VLOOKUP($B14,INDIRECT("$P$1:$Z$"&$M$4),COLUMN()-1,0)) | D14: =IF($M$4=0,"",VLOOKUP($B14,INDIRECT("$P$1:$Z$"&$M$4),COLUMN()-1,0)) | E14: =IF($M$4=0,"",VLOOKUP($B14,INDIRECT("$P$1:$Z$"&$M$4),COLUMN()-1,0)) | F14: =IF($M$4=0,"",VLOOKUP($B14,INDIRECT("$P$1:$Z$"&$M$4),COLUMN()-1,0)) | G14: =IF($M$4=0,"",VLOOKUP($B14,INDIRECT("$P$1:$Z$"&$M$4),COLUMN()-1,0)) | H14: =IF($M$4=0,"",VLOOKUP($B14,INDIRECT("$P$1:$Z$"&$M$4),COLUMN()-1,0)) | I14: =IF($M$4=0,"",VLOOKUP($B14,INDIRECT("$P$1:$Z$"&$M$4),COLUMN()-1,0)) | J14: =IF($M$4=0,"",VLOOKUP($B14,INDIRECT("$P$1:$Z$"&$M$4),COLUMN()-1,0)) | ... L14: =IF($M$4=0,"",VLOOKUP($B14,INDIRECT("$P$1:$Z$"&$M$4),COLUMN()-1,0))
B15: =IF(Calculation!BE20="","",Calculation!BE20) | C15: =IF($M$4=0,"",VLOOKUP($B15,INDIRECT("$P$1:$Z$"&$M$4),COLUMN()-1,0)) | D15: =IF($M$4=0,"",VLOOKUP($B15,INDIRECT("$P$1:$Z$"&$M$4),COLUMN()-1,0)) | E15: =IF($M$4=0,"",VLOOKUP($B15,INDIRECT("$P$1:$Z$"&$M$4),COLUMN()-1,0)) | F15: =IF($M$4=0,"",VLOOKUP($B15,INDIRECT("$P$1:$Z$"&$M$4),COLUMN()-1,0)) | G15: =IF($M$4=0,"",VLOOKUP($B15,INDIRECT("$P$1:$Z$"&$M$4),COLUMN()-1,0)) | H15: =IF($M$4=0,"",VLOOKUP($B15,INDIRECT("$P$1:$Z$"&$M$4),COLUMN()-1,0)) | I15: =IF($M$4=0,"",VLOOKUP($B15,INDIRECT("$P$1:$Z$"&$M$4),COLUMN()-1,0)) | J15: =IF($M$4=0,"",VLOOKUP($B15,INDIRECT("$P$1:$Z$"&$M$4),COLUMN()-1,0)) | ... L15: =IF($M$4=0,"",VLOOKUP($B15,INDIRECT("$P$1:$Z$"&$M$4),COLUMN()-1,0))
B16: =IF(Calculation!BE21="","",Calculation!BE21) | C16: =IF($M$4=0,"",VLOOKUP($B16,INDIRECT("$P$1:$Z$"&$M$4),COLUMN()-1,0)) | D16: =IF($M$4=0,"",VLOOKUP($B16,INDIRECT("$P$1:$Z$"&$M$4),COLUMN()-1,0)) | E16: =IF($M$4=0,"",VLOOKUP($B16,INDIRECT("$P$1:$Z$"&$M$4),COLUMN()-1,0)) | F16: =IF($M$4=0,"",VLOOKUP($B16,INDIRECT("$P$1:$Z$"&$M$4),COLUMN()-1,0)) | G16: =IF($M$4=0,"",VLOOKUP($B16,INDIRECT("$P$1:$Z$"&$M$4),COLUMN()-1,0)) | H16: =IF($M$4=0,"",VLOOKUP($B16,INDIRECT("$P$1:$Z$"&$M$4),COLUMN()-1,0)) | I16: =IF($M$4=0,"",VLOOKUP($B16,INDIRECT("$P$1:$Z$"&$M$4),COLUMN()-1,0)) | J16: =IF($M$4=0,"",VLOOKUP($B16,INDIRECT("$P$1:$Z$"&$M$4),COLUMN()-1,0)) | ... L16: =IF($M$4=0,"",VLOOKUP($B16,INDIRECT("$P$1:$Z$"&$M$4),COLUMN()-1,0))
B17: =IF(Calculation!BE22="","",Calculation!BE22) | C17: =IF($M$4=0,"",VLOOKUP($B17,INDIRECT("$P$1:$Z$"&$M$4),COLUMN()-1,0)) | D17: =IF($M$4=0,"",VLOOKUP($B17,INDIRECT("$P$1:$Z$"&$M$4),COLUMN()-1,0)) | E17: =IF($M$4=0,"",VLOOKUP($B17,INDIRECT("$P$1:$Z$"&$M$4),COLUMN()-1,0)) | F17: =IF($M$4=0,"",VLOOKUP($B17,INDIRECT("$P$1:$Z$"&$M$4),COLUMN()-1,0)) | G17: =IF($M$4=0,"",VLOOKUP($B17,INDIRECT("$P$1:$Z$"&$M$4),COLUMN()-1,0)) | H17: =IF($M$4=0,"",VLOOKUP($B17,INDIRECT("$P$1:$Z$"&$M$4),COLUMN()-1,0)) | I17: =IF($M$4=0,"",VLOOKUP($B17,INDIRECT("$P$1:$Z$"&$M$4),COLUMN()-1,0)) | J17: =IF($M$4=0,"",VLOOKUP($B17,INDIRECT("$P$1:$Z$"&$M$4),COLUMN()-1,0)) | ... L17: =IF($M$4=0,"",VLOOKUP($B17,INDIRECT("$P$1:$Z$"&$M$4),COLUMN()-1,0))
... B40: =IF(Calculation!BE45="","",Calculation!BE45) | C40: =IF($M$4=0,"",VLOOKUP($B40,INDIRECT("$P$1:$Z$"&$M$4),COLUMN()-1,0)) | D40: =IF($M$4=0,"",VLOOKUP($B40,INDIRECT("$P$1:$Z$"&$M$4),COLUMN()-1,0)) | E40: =IF($M$4=0,"",VLOOKUP($B40,INDIRECT("$P$1:$Z$"&$M$4),COLUMN()-1,0)) | F40: =IF($M$4=0,"",VLOOKUP($B40,INDIRECT("$P$1:$Z$"&$M$4),COLUMN()-1,0)) | G40: =IF($M$4=0,"",VLOOKUP($B40,INDIRECT("$P$1:$Z$"&$M$4),COLUMN()-1,0)) | H40: =IF($M$4=0,"",VLOOKUP($B40,INDIRECT("$P$1:$Z$"&$M$4),COLUMN()-1,0)) | I40: =IF($M$4=0,"",VLOOKUP($B40,INDIRECT("$P$1:$Z$"&$M$4),COLUMN()-1,0)) | J40: =IF($M$4=0,"",VLOOKUP($B40,INDIRECT("$P$1:$Z$"&$M$4),COLUMN()-1,0)) | ... L40: =IF($M$4=0,"",VLOOKUP($B40,INDIRECT("$P$1:$Z$"&$M$4),COLUMN()-1,0))
B41: =IF(Calculation!BE47="","",Calculation!BE47) | C41: =IF($M$4=0,"",VLOOKUP($B41,INDIRECT("$P$1:$Z$"&$M$4),COLUMN()-1,0)) | D41: =IF($M$4=0,"",VLOOKUP($B41,INDIRECT("$P$1:$Z$"&$M$4),COLUMN()-1,0)) | E41: =IF($M$4=0,"",VLOOKUP($B41,INDIRECT("$P$1:$Z$"&$M$4),COLUMN()-1,0)) | F41: =IF($M$4=0,"",VLOOKUP($B41,INDIRECT("$P$1:$Z$"&$M$4),COLUMN()-1,0)) | G41: =IF($M$4=0,"",VLOOKUP($B41,INDIRECT("$P$1:$Z$"&$M$4),COLUMN()-1,0)) | H41: =IF($M$4=0,"",VLOOKUP($B41,INDIRECT("$P$1:$Z$"&$M$4),COLUMN()-1,0)) | I41: =IF($M$4=0,"",VLOOKUP($B41,INDIRECT("$P$1:$Z$"&$M$4),COLUMN()-1,0)) | J41: =IF($M$4=0,"",VLOOKUP($B41,INDIRECT("$P$1:$Z$"&$M$4),COLUMN()-1,0)) | ... L41: =IF($M$4=0,"",VLOOKUP($B41,INDIRECT("$P$1:$Z$"&$M$4),COLUMN()-1,0))
B42: =IF(Calculation!BE48="","",Calculation!BE48) | C42: =IF($M$4=0,"",VLOOKUP($B42,INDIRECT("$P$1:$Z$"&$M$4),COLUMN()-1,0)) | D42: =IF($M$4=0,"",VLOOKUP($B42,INDIRECT("$P$1:$Z$"&$M$4),COLUMN()-1,0)) | E42: =IF($M$4=0,"",VLOOKUP($B42,INDIRECT("$P$1:$Z$"&$M$4),COLUMN()-1,0)) | F42: =IF($M$4=0,"",VLOOKUP($B42,INDIRECT("$P$1:$Z$"&$M$4),COLUMN()-1,0)) | G42: =IF($M$4=0,"",VLOOKUP($B42,INDIRECT("$P$1:$Z$"&$M$4),COLUMN()-1,0)) | H42: =IF($M$4=0,"",VLOOKUP($B42,INDIRECT("$P$1:$Z$"&$M$4),COLUMN()-1,0)) | I42: =IF($M$4=0,"",VLOOKUP($B42,INDIRECT("$P$1:$Z$"&$M$4),COLUMN()-1,0)) | J42: =IF($M$4=0,"",VLOOKUP($B42,INDIRECT("$P$1:$Z$"&$M$4),COLUMN()-1,0)) | ... L42: =IF($M$4=0,"",VLOOKUP($B42,INDIRECT("$P$1:$Z$"&$M$4),COLUMN()-1,0))
B43: =IF(Calculation!BE49="","",Calculation!BE49) | C43: =IF($M$4=0,"",VLOOKUP($B43,INDIRECT("$P$1:$Z$"&$M$4),COLUMN()-1,0)) | D43: =IF($M$4=0,"",VLOOKUP($B43,INDIRECT("$P$1:$Z$"&$M$4),COLUMN()-1,0)) | E43: =IF($M$4=0,"",VLOOKUP($B43,INDIRECT("$P$1:$Z$"&$M$4),COLUMN()-1,0)) | F43: =IF($M$4=0,"",VLOOKUP($B43,INDIRECT("$P$1:$Z$"&$M$4),COLUMN()-1,0)) | G43: =IF($M$4=0,"",VLOOKUP($B43,INDIRECT("$P$1:$Z$"&$M$4),COLUMN()-1,0)) | H43: =IF($M$4=0,"",VLOOKUP($B43,INDIRECT("$P$1:$Z$"&$M$4),COLUMN()-1,0)) | I43: =IF($M$4=0,"",VLOOKUP($B43,INDIRECT("$P$1:$Z$"&$M$4),COLUMN()-1,0)) | J43: =IF($M$4=0,"",VLOOKUP($B43,INDIRECT("$P$1:$Z$"&$M$4),COLUMN()-1,0)) | ... L43: =IF($M$4=0,"",VLOOKUP($B43,INDIRECT("$P$1:$Z$"&$M$4),COLUMN()-1,0))
B44: =IF(Calculation!BE50="","",Calculation!BE50) | C44: =IF($M$4=0,"",VLOOKUP($B44,INDIRECT("$P$1:$Z$"&$M$4),COLUMN()-1,0)) | D44: =IF($M$4=0,"",VLOOKUP($B44,INDIRECT("$P$1:$Z$"&$M$4),COLUMN()-1,0)) | E44: =IF($M$4=0,"",VLOOKUP($B44,INDIRECT("$P$1:$Z$"&$M$4),COLUMN()-1,0)) | F44: =IF($M$4=0,"",VLOOKUP($B44,INDIRECT("$P$1:$Z$"&$M$4),COLUMN()-1,0)) | G44: =IF($M$4=0,"",VLOOKUP($B44,INDIRECT("$P$1:$Z$"&$M$4),COLUMN()-1,0)) | H44: =IF($M$4=0,"",VLOOKUP($B44,INDIRECT("$P$1:$Z$"&$M$4),COLUMN()-1,0)) | I44: =IF($M$4=0,"",VLOOKUP($B44,INDIRECT("$P$1:$Z$"&$M$4),COLUMN()-1,0)) | J44: =IF($M$4=0,"",VLOOKUP($B44,INDIRECT("$P$1:$Z$"&$M$4),COLUMN()-1,0)) | ... L44: =IF($M$4=0,"",VLOOKUP($B44,INDIRECT("$P$1:$Z$"&$M$4),COLUMN()-1,0))
B45: =IF(Calculation!BE51="","",Calculation!BE51) | C45: =IF($M$4=0,"",VLOOKUP($B45,INDIRECT("$P$1:$Z$"&$M$4),COLUMN()-1,0)) | D45: =IF($M$4=0,"",VLOOKUP($B45,INDIRECT("$P$1:$Z$"&$M$4),COLUMN()-1,0)) | E45: =IF($M$4=0,"",VLOOKUP($B45,INDIRECT("$P$1:$Z$"&$M$4),COLUMN()-1,0)) | F45: =IF($M$4=0,"",VLOOKUP($B45,INDIRECT("$P$1:$Z$"&$M$4),COLUMN()-1,0)) | G45: =IF($M$4=0,"",VLOOKUP($B45,INDIRECT("$P$1:$Z$"&$M$4),COLUMN()-1,0)) | H45: =IF($M$4=0,"",VLOOKUP($B45,INDIRECT("$P$1:$Z$"&$M$4),COLUMN()-1,0)) | I45: =IF($M$4=0,"",VLOOKUP($B45,INDIRECT("$P$1:$Z$"&$M$4),COLUMN()-1,0)) | J45: =IF($M$4=0,"",VLOOKUP($B45,INDIRECT("$P$1:$Z$"&$M$4),COLUMN()-1,0)) | ... L45: =IF($M$4=0,"",VLOOKUP($B45,INDIRECT("$P$1:$Z$"&$M$4),COLUMN()-1,0))
B46: =IF(Calculation!BE52="","",Calculation!BE52) | C46: =IF($M$4=0,"",VLOOKUP($B46,INDIRECT("$P$1:$Z$"&$M$4),COLUMN()-1,0)) | D46: =IF($M$4=0,"",VLOOKUP($B46,INDIRECT("$P$1:$Z$"&$M$4),COLUMN()-1,0)) | E46: =IF($M$4=0,"",VLOOKUP($B46,INDIRECT("$P$1:$Z$"&$M$4),COLUMN()-1,0)) | F46: =IF($M$4=0,"",VLOOKUP($B46,INDIRECT("$P$1:$Z$"&$M$4),COLUMN()-1,0)) | G46: =IF($M$4=0,"",VLOOKUP($B46,INDIRECT("$P$1:$Z$"&$M$4),COLUMN()-1,0)) | H46: =IF($M$4=0,"",VLOOKUP($B46,INDIRECT("$P$1:$Z$"&$M$4),COLUMN()-1,0)) | I46: =IF($M$4=0,"",VLOOKUP($B46,INDIRECT("$P$1:$Z$"&$M$4),COLUMN()-1,0)) | J46: =IF($M$4=0,"",VLOOKUP($B46,INDIRECT("$P$1:$Z$"&$M$4),COLUMN()-1,0)) | ... L46: =IF($M$4=0,"",VLOOKUP($B46,INDIRECT("$P$1:$Z$"&$M$4),COLUMN()-1,0))
B47: =IF(Calculation!BE53="","",Calculation!BE53) | C47: =IF($M$4=0,"",VLOOKUP($B47,INDIRECT("$P$1:$Z$"&$M$4),COLUMN()-1,0)) | D47: =IF($M$4=0,"",VLOOKUP($B47,INDIRECT("$P$1:$Z$"&$M$4),COLUMN()-1,0)) | E47: =IF($M$4=0,"",VLOOKUP($B47,INDIRECT("$P$1:$Z$"&$M$4),COLUMN()-1,0)) | F47: =IF($M$4=0,"",VLOOKUP($B47,INDIRECT("$P$1:$Z$"&$M$4),COLUMN()-1,0)) | G47: =IF($M$4=0,"",VLOOKUP($B47,INDIRECT("$P$1:$Z$"&$M$4),COLUMN()-1,0)) | H47: =IF($M$4=0,"",VLOOKUP($B47,INDIRECT("$P$1:$Z$"&$M$4),COLUMN()-1,0)) | I47: =IF($M$4=0,"",VLOOKUP($B47,INDIRECT("$P$1:$Z$"&$M$4),COLUMN()-1,0)) | J47: =IF($M$4=0,"",VLOOKUP($B47,INDIRECT("$P$1:$Z$"&$M$4),COLUMN()-1,0)) | ... L47: =IF($M$4=0,"",VLOOKUP($B47,INDIRECT("$P$1:$Z$"&$M$4),COLUMN()-1,0))
B48: =IF(Calculation!BE54="","",Calculation!BE54) | C48: =IF($M$4=0,"",VLOOKUP($B48,INDIRECT("$P$1:$Z$"&$M$4),COLUMN()-1,0)) | D48: =IF($M$4=0,"",VLOOKUP($B48,INDIRECT("$P$1:$Z$"&$M$4),COLUMN()-1,0)) | E48: =IF($M$4=0,"",VLOOKUP($B48,INDIRECT("$P$1:$Z$"&$M$4),COLUMN()-1,0)) | F48: =IF($M$4=0,"",VLOOKUP($B48,INDIRECT("$P$1:$Z$"&$M$4),COLUMN()-1,0)) | G48: =IF($M$4=0,"",VLOOKUP($B48,INDIRECT("$P$1:$Z$"&$M$4),COLUMN()-1,0)) | H48: =IF($M$4=0,"",VLOOKUP($B48,INDIRECT("$P$1:$Z$"&$M$4),COLUMN()-1,0)) | I48: =IF($M$4=0,"",VLOOKUP($B48,INDIRECT("$P$1:$Z$"&$M$4),COLUMN()-1,0)) | J48: =IF($M$4=0,"",VLOOKUP($B48,INDIRECT("$P$1:$Z$"&$M$4),COLUMN()-1,0)) | ... L48: =IF($M$4=0,"",VLOOKUP($B48,INDIRECT("$P$1:$Z$"&$M$4),COLUMN()-1,0))
B49: =IF(Calculation!BE55="","",Calculation!BE55) | C49: =IF($M$4=0,"",VLOOKUP($B49,INDIRECT("$P$1:$Z$"&$M$4),COLUMN()-1,0)) | D49: =IF($M$4=0,"",VLOOKUP($B49,INDIRECT("$P$1:$Z$"&$M$4),COLUMN()-1,0)) | E49: =IF($M$4=0,"",VLOOKUP($B49,INDIRECT("$P$1:$Z$"&$M$4),COLUMN()-1,0)) | F49: =IF($M$4=0,"",VLOOKUP($B49,INDIRECT("$P$1:$Z$"&$M$4),COLUMN()-1,0)) | G49: =IF($M$4=0,"",VLOOKUP($B49,INDIRECT("$P$1:$Z$"&$M$4),COLUMN()-1,0)) | H49: =IF($M$4=0,"",VLOOKUP($B49,INDIRECT("$P$1:$Z$"&$M$4),COLUMN()-1,0)) | I49: =IF($M$4=0,"",VLOOKUP($B49,INDIRECT("$P$1:$Z$"&$M$4),COLUMN()-1,0)) | J49: =IF($M$4=0,"",VLOOKUP($B49,INDIRECT("$P$1:$Z$"&$M$4),COLUMN()-1,0)) | ... L49: =IF($M$4=0,"",VLOOKUP($B49,INDIRECT("$P$1:$Z$"&$M$4),COLUMN()-1,0))
B50: =IF(Calculation!BE56="","",Calculation!BE56) | C50: =IF($M$4=0,"",VLOOKUP($B50,INDIRECT("$P$1:$Z$"&$M$4),COLUMN()-1,0)) | D50: =IF($M$4=0,"",VLOOKUP($B50,INDIRECT("$P$1:$Z$"&$M$4),COLUMN()-1,0)) | E50: =IF($M$4=0,"",VLOOKUP($B50,INDIRECT("$P$1:$Z$"&$M$4),COLUMN()-1,0)) | F50: =IF($M$4=0,"",VLOOKUP($B50,INDIRECT("$P$1:$Z$"&$M$4),COLUMN()-1,0)) | G50: =IF($M$4=0,"",VLOOKUP($B50,INDIRECT("$P$1:$Z$"&$M$4),COLUMN()-1,0)) | H50: =IF($M$4=0,"",VLOOKUP($B50,INDIRECT("$P$1:$Z$"&$M$4),COLUMN()-1,0)) | I50: =IF($M$4=0,"",VLOOKUP($B50,INDIRECT("$P$1:$Z$"&$M$4),COLUMN()-1,0)) | J50: =IF($M$4=0,"",VLOOKUP($B50,INDIRECT("$P$1:$Z$"&$M$4),COLUMN()-1,0)) | ... L50: =IF($M$4=0,"",VLOOKUP($B50,INDIRECT("$P$1:$Z$"&$M$4),COLUMN()-1,0))
B51: =IF(Calculation!BE57="","",Calculation!BE57) | C51: =IF($M$4=0,"",VLOOKUP($B51,INDIRECT("$P$1:$Z$"&$M$4),COLUMN()-1,0)) | D51: =IF($M$4=0,"",VLOOKUP($B51,INDIRECT("$P$1:$Z$"&$M$4),COLUMN()-1,0)) | E51: =IF($M$4=0,"",VLOOKUP($B51,INDIRECT("$P$1:$Z$"&$M$4),COLUMN()-1,0)) | F51: =IF($M$4=0,"",VLOOKUP($B51,INDIRECT("$P$1:$Z$"&$M$4),COLUMN()-1,0)) | G51: =IF($M$4=0,"",VLOOKUP($B51,INDIRECT("$P$1:$Z$"&$M$4),COLUMN()-1,0)) | H51: =IF($M$4=0,"",VLOOKUP($B51,INDIRECT("$P$1:$Z$"&$M$4),COLUMN()-1,0)) | I51: =IF($M$4=0,"",VLOOKUP($B51,INDIRECT("$P$1:$Z$"&$M$4),COLUMN()-1,0)) | J51: =IF($M$4=0,"",VLOOKUP($B51,INDIRECT("$P$1:$Z$"&$M$4),COLUMN()-1,0)) | ... L51: =IF($M$4=0,"",VLOOKUP($B51,INDIRECT("$P$1:$Z$"&$M$4),COLUMN()-1,0))
B52: =IF(Calculation!BE58="","",Calculation!BE58) | C52: =IF($M$4=0,"",VLOOKUP($B52,INDIRECT("$P$1:$Z$"&$M$4),COLUMN()-1,0)) | D52: =IF($M$4=0,"",VLOOKUP($B52,INDIRECT("$P$1:$Z$"&$M$4),COLUMN()-1,0)) | E52: =IF($M$4=0,"",VLOOKUP($B52,INDIRECT("$P$1:$Z$"&$M$4),COLUMN()-1,0)) | F52: =IF($M$4=0,"",VLOOKUP($B52,INDIRECT("$P$1:$Z$"&$M$4),COLUMN()-1,0)) | G52: =IF($M$4=0,"",VLOOKUP($B52,INDIRECT("$P$1:$Z$"&$M$4),COLUMN()-1,0)) | H52: =IF($M$4=0,"",VLOOKUP($B52,INDIRECT("$P$1:$Z$"&$M$4),COLUMN()-1,0)) | I52: =IF($M$4=0,"",VLOOKUP($B52,INDIRECT("$P$1:$Z$"&$M$4),COLUMN()-1,0)) | J52: =IF($M$4=0,"",VLOOKUP($B52,INDIRECT("$P$1:$Z$"&$M$4),COLUMN()-1,0)) | ... L52: =IF($M$4=0,"",VLOOKUP($B52,INDIRECT("$P$1:$Z$"&$M$4),COLUMN()-1,0))
... B55: =IF(Calculation!BE61="","",Calculation!BE61) | C55: =IF($M$4=0,"",VLOOKUP($B55,INDIRECT("$P$1:$Z$"&$M$4),COLUMN()-1,0)) | D55: =IF($M$4=0,"",VLOOKUP($B55,INDIRECT("$P$1:$Z$"&$M$4),COLUMN()-1,0)) | E55: =IF($M$4=0,"",VLOOKUP($B55,INDIRECT("$P$1:$Z$"&$M$4),COLUMN()-1,0)) | F55: =IF($M$4=0,"",VLOOKUP($B55,INDIRECT("$P$1:$Z$"&$M$4),COLUMN()-1,0)) | G55: =IF($M$4=0,"",VLOOKUP($B55,INDIRECT("$P$1:$Z$"&$M$4),COLUMN()-1,0)) | H55: =IF($M$4=0,"",VLOOKUP($B55,INDIRECT("$P$1:$Z$"&$M$4),COLUMN()-1,0)) | I55: =IF($M$4=0,"",VLOOKUP($B55,INDIRECT("$P$1:$Z$"&$M$4),COLUMN()-1,0)) | J55: =IF($M$4=0,"",VLOOKUP($B55,INDIRECT("$P$1:$Z$"&$M$4),COLUMN()-1,0)) | ... L55: =IF($M$4=0,"",VLOOKUP($B55,INDIRECT("$P$1:$Z$"&$M$4),COLUMN()-1,0))

Sheet Case 6
B1: ELEMENT | C1: AXIAL | D1: SHEAR | E1: BENDING | F1: TORSION | G1: -----------Forces(N. | H1: )----------- | I1: ---------Moments(N.m. | J1: )------
B2: NODES: | C2: FORCE | D2: FORCE | E2: MOMENT | F2: MOMENT | G2: FX | H2: FY | I2: FZ | J2: MX | K2: MY | L2: MZ
B4: CASE | C4: =IF(P1="","","L"&MID(INDIRECT("P"&L4),6,2)) | D4: =IF(P1="","",MID(INDIRECT("P"&L4),SEARCH("(",INDIRECT("P"&L4),1)+1,3)) | E4: =IF(P1="","",MID(INDIRECT("P"&L4),SEARCH(")",INDIRECT("P"&L4),1)+2,LEN(INDIRECT("P"&L4)))) | L4: =IF(P1="","",MATCH("CASE*",P1:P10,0)) | M4: =ROUND(COUNT(P:P)*1.6,0) -> 0
B6: =IF(Calculation!BE11="","",Calculation!BE11) | C6: =IF($M$4=0,"",VLOOKUP($B6,INDIRECT("$P$1:$Z$"&$M$4),COLUMN()-1,0)) | D6: =IF($M$4=0,"",VLOOKUP($B6,INDIRECT("$P$1:$Z$"&$M$4),COLUMN()-1,0)) | E6: =IF($M$4=0,"",VLOOKUP($B6,INDIRECT("$P$1:$Z$"&$M$4),COLUMN()-1,0)) | F6: =IF($M$4=0,"",VLOOKUP($B6,INDIRECT("$P$1:$Z$"&$M$4),COLUMN()-1,0)) | G6: =IF($M$4=0,"",VLOOKUP($B6,INDIRECT("$P$1:$Z$"&$M$4),COLUMN()-1,0)) | H6: =IF($M$4=0,"",VLOOKUP($B6,INDIRECT("$P$1:$Z$"&$M$4),COLUMN()-1,0)) | I6: =IF($M$4=0,"",VLOOKUP($B6,INDIRECT("$P$1:$Z$"&$M$4),COLUMN()-1,0)) | J6: =IF($M$4=0,"",VLOOKUP($B6,INDIRECT("$P$1:$Z$"&$M$4),COLUMN()-1,0)) | ... L6: =IF($M$4=0,"",VLOOKUP($B6,INDIRECT("$P$1:$Z$"&$M$4),COLUMN()-1,0))
B7: =IF(Calculation!BE12="","",Calculation!BE12) | C7: =IF($M$4=0,"",VLOOKUP($B7,INDIRECT("$P$1:$Z$"&$M$4),COLUMN()-1,0)) | D7: =IF($M$4=0,"",VLOOKUP($B7,INDIRECT("$P$1:$Z$"&$M$4),COLUMN()-1,0)) | E7: =IF($M$4=0,"",VLOOKUP($B7,INDIRECT("$P$1:$Z$"&$M$4),COLUMN()-1,0)) | F7: =IF($M$4=0,"",VLOOKUP($B7,INDIRECT("$P$1:$Z$"&$M$4),COLUMN()-1,0)) | G7: =IF($M$4=0,"",VLOOKUP($B7,INDIRECT("$P$1:$Z$"&$M$4),COLUMN()-1,0)) | H7: =IF($M$4=0,"",VLOOKUP($B7,INDIRECT("$P$1:$Z$"&$M$4),COLUMN()-1,0)) | I7: =IF($M$4=0,"",VLOOKUP($B7,INDIRECT("$P$1:$Z$"&$M$4),COLUMN()-1,0)) | J7: =IF($M$4=0,"",VLOOKUP($B7,INDIRECT("$P$1:$Z$"&$M$4),COLUMN()-1,0)) | ... L7: =IF($M$4=0,"",VLOOKUP($B7,INDIRECT("$P$1:$Z$"&$M$4),COLUMN()-1,0))
B8: =IF(Calculation!BE13="","",Calculation!BE13) | C8: =IF($M$4=0,"",VLOOKUP($B8,INDIRECT("$P$1:$Z$"&$M$4),COLUMN()-1,0)) | D8: =IF($M$4=0,"",VLOOKUP($B8,INDIRECT("$P$1:$Z$"&$M$4),COLUMN()-1,0)) | E8: =IF($M$4=0,"",VLOOKUP($B8,INDIRECT("$P$1:$Z$"&$M$4),COLUMN()-1,0)) | F8: =IF($M$4=0,"",VLOOKUP($B8,INDIRECT("$P$1:$Z$"&$M$4),COLUMN()-1,0)) | G8: =IF($M$4=0,"",VLOOKUP($B8,INDIRECT("$P$1:$Z$"&$M$4),COLUMN()-1,0)) | H8: =IF($M$4=0,"",VLOOKUP($B8,INDIRECT("$P$1:$Z$"&$M$4),COLUMN()-1,0)) | I8: =IF($M$4=0,"",VLOOKUP($B8,INDIRECT("$P$1:$Z$"&$M$4),COLUMN()-1,0)) | J8: =IF($M$4=0,"",VLOOKUP($B8,INDIRECT("$P$1:$Z$"&$M$4),COLUMN()-1,0)) | ... L8: =IF($M$4=0,"",VLOOKUP($B8,INDIRECT("$P$1:$Z$"&$M$4),COLUMN()-1,0))
B9: =IF(Calculation!BE14="","",Calculation!BE14) | C9: =IF($M$4=0,"",VLOOKUP($B9,INDIRECT("$P$1:$Z$"&$M$4),COLUMN()-1,0)) | D9: =IF($M$4=0,"",VLOOKUP($B9,INDIRECT("$P$1:$Z$"&$M$4),COLUMN()-1,0)) | E9: =IF($M$4=0,"",VLOOKUP($B9,INDIRECT("$P$1:$Z$"&$M$4),COLUMN()-1,0)) | F9: =IF($M$4=0,"",VLOOKUP($B9,INDIRECT("$P$1:$Z$"&$M$4),COLUMN()-1,0)) | G9: =IF($M$4=0,"",VLOOKUP($B9,INDIRECT("$P$1:$Z$"&$M$4),COLUMN()-1,0)) | H9: =IF($M$4=0,"",VLOOKUP($B9,INDIRECT("$P$1:$Z$"&$M$4),COLUMN()-1,0)) | I9: =IF($M$4=0,"",VLOOKUP($B9,INDIRECT("$P$1:$Z$"&$M$4),COLUMN()-1,0)) | J9: =IF($M$4=0,"",VLOOKUP($B9,INDIRECT("$P$1:$Z$"&$M$4),COLUMN()-1,0)) | ... L9: =IF($M$4=0,"",VLOOKUP($B9,INDIRECT("$P$1:$Z$"&$M$4),COLUMN()-1,0))
B10: =IF(Calculation!BE15="","",Calculation!BE15) | C10: =IF($M$4=0,"",VLOOKUP($B10,INDIRECT("$P$1:$Z$"&$M$4),COLUMN()-1,0)) | D10: =IF($M$4=0,"",VLOOKUP($B10,INDIRECT("$P$1:$Z$"&$M$4),COLUMN()-1,0)) | E10: =IF($M$4=0,"",VLOOKUP($B10,INDIRECT("$P$1:$Z$"&$M$4),COLUMN()-1,0)) | F10: =IF($M$4=0,"",VLOOKUP($B10,INDIRECT("$P$1:$Z$"&$M$4),COLUMN()-1,0)) | G10: =IF($M$4=0,"",VLOOKUP($B10,INDIRECT("$P$1:$Z$"&$M$4),COLUMN()-1,0)) | H10: =IF($M$4=0,"",VLOOKUP($B10,INDIRECT("$P$1:$Z$"&$M$4),COLUMN()-1,0)) | I10: =IF($M$4=0,"",VLOOKUP($B10,INDIRECT("$P$1:$Z$"&$M$4),COLUMN()-1,0)) | J10: =IF($M$4=0,"",VLOOKUP($B10,INDIRECT("$P$1:$Z$"&$M$4),COLUMN()-1,0)) | ... L10: =IF($M$4=0,"",VLOOKUP($B10,INDIRECT("$P$1:$Z$"&$M$4),COLUMN()-1,0))
B11: =IF(Calculation!BE16="","",Calculation!BE16) | C11: =IF($M$4=0,"",VLOOKUP($B11,INDIRECT("$P$1:$Z$"&$M$4),COLUMN()-1,0)) | D11: =IF($M$4=0,"",VLOOKUP($B11,INDIRECT("$P$1:$Z$"&$M$4),COLUMN()-1,0)) | E11: =IF($M$4=0,"",VLOOKUP($B11,INDIRECT("$P$1:$Z$"&$M$4),COLUMN()-1,0)) | F11: =IF($M$4=0,"",VLOOKUP($B11,INDIRECT("$P$1:$Z$"&$M$4),COLUMN()-1,0)) | G11: =IF($M$4=0,"",VLOOKUP($B11,INDIRECT("$P$1:$Z$"&$M$4),COLUMN()-1,0)) | H11: =IF($M$4=0,"",VLOOKUP($B11,INDIRECT("$P$1:$Z$"&$M$4),COLUMN()-1,0)) | I11: =IF($M$4=0,"",VLOOKUP($B11,INDIRECT("$P$1:$Z$"&$M$4),COLUMN()-1,0)) | J11: =IF($M$4=0,"",VLOOKUP($B11,INDIRECT("$P$1:$Z$"&$M$4),COLUMN()-1,0)) | ... L11: =IF($M$4=0,"",VLOOKUP($B11,INDIRECT("$P$1:$Z$"&$M$4),COLUMN()-1,0))
B12: =IF(Calculation!BE17="","",Calculation!BE17) | C12: =IF($M$4=0,"",VLOOKUP($B12,INDIRECT("$P$1:$Z$"&$M$4),COLUMN()-1,0)) | D12: =IF($M$4=0,"",VLOOKUP($B12,INDIRECT("$P$1:$Z$"&$M$4),COLUMN()-1,0)) | E12: =IF($M$4=0,"",VLOOKUP($B12,INDIRECT("$P$1:$Z$"&$M$4),COLUMN()-1,0)) | F12: =IF($M$4=0,"",VLOOKUP($B12,INDIRECT("$P$1:$Z$"&$M$4),COLUMN()-1,0)) | G12: =IF($M$4=0,"",VLOOKUP($B12,INDIRECT("$P$1:$Z$"&$M$4),COLUMN()-1,0)) | H12: =IF($M$4=0,"",VLOOKUP($B12,INDIRECT("$P$1:$Z$"&$M$4),COLUMN()-1,0)) | I12: =IF($M$4=0,"",VLOOKUP($B12,INDIRECT("$P$1:$Z$"&$M$4),COLUMN()-1,0)) | J12: =IF($M$4=0,"",VLOOKUP($B12,INDIRECT("$P$1:$Z$"&$M$4),COLUMN()-1,0)) | ... L12: =IF($M$4=0,"",VLOOKUP($B12,INDIRECT("$P$1:$Z$"&$M$4),COLUMN()-1,0))
B13: =IF(Calculation!BE18="","",Calculation!BE18) | C13: =IF($M$4=0,"",VLOOKUP($B13,INDIRECT("$P$1:$Z$"&$M$4),COLUMN()-1,0)) | D13: =IF($M$4=0,"",VLOOKUP($B13,INDIRECT("$P$1:$Z$"&$M$4),COLUMN()-1,0)) | E13: =IF($M$4=0,"",VLOOKUP($B13,INDIRECT("$P$1:$Z$"&$M$4),COLUMN()-1,0)) | F13: =IF($M$4=0,"",VLOOKUP($B13,INDIRECT("$P$1:$Z$"&$M$4),COLUMN()-1,0)) | G13: =IF($M$4=0,"",VLOOKUP($B13,INDIRECT("$P$1:$Z$"&$M$4),COLUMN()-1,0)) | H13: =IF($M$4=0,"",VLOOKUP($B13,INDIRECT("$P$1:$Z$"&$M$4),COLUMN()-1,0)) | I13: =IF($M$4=0,"",VLOOKUP($B13,INDIRECT("$P$1:$Z$"&$M$4),COLUMN()-1,0)) | J13: =IF($M$4=0,"",VLOOKUP($B13,INDIRECT("$P$1:$Z$"&$M$4),COLUMN()-1,0)) | ... L13: =IF($M$4=0,"",VLOOKUP($B13,INDIRECT("$P$1:$Z$"&$M$4),COLUMN()-1,0))
B14: =IF(Calculation!BE19="","",Calculation!BE19) | C14: =IF($M$4=0,"",VLOOKUP($B14,INDIRECT("$P$1:$Z$"&$M$4),COLUMN()-1,0)) | D14: =IF($M$4=0,"",VLOOKUP($B14,INDIRECT("$P$1:$Z$"&$M$4),COLUMN()-1,0)) | E14: =IF($M$4=0,"",VLOOKUP($B14,INDIRECT("$P$1:$Z$"&$M$4),COLUMN()-1,0)) | F14: =IF($M$4=0,"",VLOOKUP($B14,INDIRECT("$P$1:$Z$"&$M$4),COLUMN()-1,0)) | G14: =IF($M$4=0,"",VLOOKUP($B14,INDIRECT("$P$1:$Z$"&$M$4),COLUMN()-1,0)) | H14: =IF($M$4=0,"",VLOOKUP($B14,INDIRECT("$P$1:$Z$"&$M$4),COLUMN()-1,0)) | I14: =IF($M$4=0,"",VLOOKUP($B14,INDIRECT("$P$1:$Z$"&$M$4),COLUMN()-1,0)) | J14: =IF($M$4=0,"",VLOOKUP($B14,INDIRECT("$P$1:$Z$"&$M$4),COLUMN()-1,0)) | ... L14: =IF($M$4=0,"",VLOOKUP($B14,INDIRECT("$P$1:$Z$"&$M$4),COLUMN()-1,0))
B15: =IF(Calculation!BE20="","",Calculation!BE20) | C15: =IF($M$4=0,"",VLOOKUP($B15,INDIRECT("$P$1:$Z$"&$M$4),COLUMN()-1,0)) | D15: =IF($M$4=0,"",VLOOKUP($B15,INDIRECT("$P$1:$Z$"&$M$4),COLUMN()-1,0)) | E15: =IF($M$4=0,"",VLOOKUP($B15,INDIRECT("$P$1:$Z$"&$M$4),COLUMN()-1,0)) | F15: =IF($M$4=0,"",VLOOKUP($B15,INDIRECT("$P$1:$Z$"&$M$4),COLUMN()-1,0)) | G15: =IF($M$4=0,"",VLOOKUP($B15,INDIRECT("$P$1:$Z$"&$M$4),COLUMN()-1,0)) | H15: =IF($M$4=0,"",VLOOKUP($B15,INDIRECT("$P$1:$Z$"&$M$4),COLUMN()-1,0)) | I15: =IF($M$4=0,"",VLOOKUP($B15,INDIRECT("$P$1:$Z$"&$M$4),COLUMN()-1,0)) | J15: =IF($M$4=0,"",VLOOKUP($B15,INDIRECT("$P$1:$Z$"&$M$4),COLUMN()-1,0)) | ... L15: =IF($M$4=0,"",VLOOKUP($B15,INDIRECT("$P$1:$Z$"&$M$4),COLUMN()-1,0))
B16: =IF(Calculation!BE21="","",Calculation!BE21) | C16: =IF($M$4=0,"",VLOOKUP($B16,INDIRECT("$P$1:$Z$"&$M$4),COLUMN()-1,0)) | D16: =IF($M$4=0,"",VLOOKUP($B16,INDIRECT("$P$1:$Z$"&$M$4),COLUMN()-1,0)) | E16: =IF($M$4=0,"",VLOOKUP($B16,INDIRECT("$P$1:$Z$"&$M$4),COLUMN()-1,0)) | F16: =IF($M$4=0,"",VLOOKUP($B16,INDIRECT("$P$1:$Z$"&$M$4),COLUMN()-1,0)) | G16: =IF($M$4=0,"",VLOOKUP($B16,INDIRECT("$P$1:$Z$"&$M$4),COLUMN()-1,0)) | H16: =IF($M$4=0,"",VLOOKUP($B16,INDIRECT("$P$1:$Z$"&$M$4),COLUMN()-1,0)) | I16: =IF($M$4=0,"",VLOOKUP($B16,INDIRECT("$P$1:$Z$"&$M$4),COLUMN()-1,0)) | J16: =IF($M$4=0,"",VLOOKUP($B16,INDIRECT("$P$1:$Z$"&$M$4),COLUMN()-1,0)) | ... L16: =IF($M$4=0,"",VLOOKUP($B16,INDIRECT("$P$1:$Z$"&$M$4),COLUMN()-1,0))
B17: =IF(Calculation!BE22="","",Calculation!BE22) | C17: =IF($M$4=0,"",VLOOKUP($B17,INDIRECT("$P$1:$Z$"&$M$4),COLUMN()-1,0)) | D17: =IF($M$4=0,"",VLOOKUP($B17,INDIRECT("$P$1:$Z$"&$M$4),COLUMN()-1,0)) | E17: =IF($M$4=0,"",VLOOKUP($B17,INDIRECT("$P$1:$Z$"&$M$4),COLUMN()-1,0)) | F17: =IF($M$4=0,"",VLOOKUP($B17,INDIRECT("$P$1:$Z$"&$M$4),COLUMN()-1,0)) | G17: =IF($M$4=0,"",VLOOKUP($B17,INDIRECT("$P$1:$Z$"&$M$4),COLUMN()-1,0)) | H17: =IF($M$4=0,"",VLOOKUP($B17,INDIRECT("$P$1:$Z$"&$M$4),COLUMN()-1,0)) | I17: =IF($M$4=0,"",VLOOKUP($B17,INDIRECT("$P$1:$Z$"&$M$4),COLUMN()-1,0)) | J17: =IF($M$4=0,"",VLOOKUP($B17,INDIRECT("$P$1:$Z$"&$M$4),COLUMN()-1,0)) | ... L17: =IF($M$4=0,"",VLOOKUP($B17,INDIRECT("$P$1:$Z$"&$M$4),COLUMN()-1,0))
... B40: =IF(Calculation!BE45="","",Calculation!BE45) | C40: =IF($M$4=0,"",VLOOKUP($B40,INDIRECT("$P$1:$Z$"&$M$4),COLUMN()-1,0)) | D40: =IF($M$4=0,"",VLOOKUP($B40,INDIRECT("$P$1:$Z$"&$M$4),COLUMN()-1,0)) | E40: =IF($M$4=0,"",VLOOKUP($B40,INDIRECT("$P$1:$Z$"&$M$4),COLUMN()-1,0)) | F40: =IF($M$4=0,"",VLOOKUP($B40,INDIRECT("$P$1:$Z$"&$M$4),COLUMN()-1,0)) | G40: =IF($M$4=0,"",VLOOKUP($B40,INDIRECT("$P$1:$Z$"&$M$4),COLUMN()-1,0)) | H40: =IF($M$4=0,"",VLOOKUP($B40,INDIRECT("$P$1:$Z$"&$M$4),COLUMN()-1,0)) | I40: =IF($M$4=0,"",VLOOKUP($B40,INDIRECT("$P$1:$Z$"&$M$4),COLUMN()-1,0)) | J40: =IF($M$4=0,"",VLOOKUP($B40,INDIRECT("$P$1:$Z$"&$M$4),COLUMN()-1,0)) | ... L40: =IF($M$4=0,"",VLOOKUP($B40,INDIRECT("$P$1:$Z$"&$M$4),COLUMN()-1,0))
B41: =IF(Calculation!BE47="","",Calculation!BE47) | C41: =IF($M$4=0,"",VLOOKUP($B41,INDIRECT("$P$1:$Z$"&$M$4),COLUMN()-1,0)) | D41: =IF($M$4=0,"",VLOOKUP($B41,INDIRECT("$P$1:$Z$"&$M$4),COLUMN()-1,0)) | E41: =IF($M$4=0,"",VLOOKUP($B41,INDIRECT("$P$1:$Z$"&$M$4),COLUMN()-1,0)) | F41: =IF($M$4=0,"",VLOOKUP($B41,INDIRECT("$P$1:$Z$"&$M$4),COLUMN()-1,0)) | G41: =IF($M$4=0,"",VLOOKUP($B41,INDIRECT("$P$1:$Z$"&$M$4),COLUMN()-1,0)) | H41: =IF($M$4=0,"",VLOOKUP($B41,INDIRECT("$P$1:$Z$"&$M$4),COLUMN()-1,0)) | I41: =IF($M$4=0,"",VLOOKUP($B41,INDIRECT("$P$1:$Z$"&$M$4),COLUMN()-1,0)) | J41: =IF($M$4=0,"",VLOOKUP($B41,INDIRECT("$P$1:$Z$"&$M$4),COLUMN()-1,0)) | ... L41: =IF($M$4=0,"",VLOOKUP($B41,INDIRECT("$P$1:$Z$"&$M$4),COLUMN()-1,0))
B42: =IF(Calculation!BE48="","",Calculation!BE48) | C42: =IF($M$4=0,"",VLOOKUP($B42,INDIRECT("$P$1:$Z$"&$M$4),COLUMN()-1,0)) | D42: =IF($M$4=0,"",VLOOKUP($B42,INDIRECT("$P$1:$Z$"&$M$4),COLUMN()-1,0)) | E42: =IF($M$4=0,"",VLOOKUP($B42,INDIRECT("$P$1:$Z$"&$M$4),COLUMN()-1,0)) | F42: =IF($M$4=0,"",VLOOKUP($B42,INDIRECT("$P$1:$Z$"&$M$4),COLUMN()-1,0)) | G42: =IF($M$4=0,"",VLOOKUP($B42,INDIRECT("$P$1:$Z$"&$M$4),COLUMN()-1,0)) | H42: =IF($M$4=0,"",VLOOKUP($B42,INDIRECT("$P$1:$Z$"&$M$4),COLUMN()-1,0)) | I42: =IF($M$4=0,"",VLOOKUP($B42,INDIRECT("$P$1:$Z$"&$M$4),COLUMN()-1,0)) | J42: =IF($M$4=0,"",VLOOKUP($B42,INDIRECT("$P$1:$Z$"&$M$4),COLUMN()-1,0)) | ... L42: =IF($M$4=0,"",VLOOKUP($B42,INDIRECT("$P$1:$Z$"&$M$4),COLUMN()-1,0))
B43: =IF(Calculation!BE49="","",Calculation!BE49) | C43: =IF($M$4=0,"",VLOOKUP($B43,INDIRECT("$P$1:$Z$"&$M$4),COLUMN()-1,0)) | D43: =IF($M$4=0,"",VLOOKUP($B43,INDIRECT("$P$1:$Z$"&$M$4),COLUMN()-1,0)) | E43: =IF($M$4=0,"",VLOOKUP($B43,INDIRECT("$P$1:$Z$"&$M$4),COLUMN()-1,0)) | F43: =IF($M$4=0,"",VLOOKUP($B43,INDIRECT("$P$1:$Z$"&$M$4),COLUMN()-1,0)) | G43: =IF($M$4=0,"",VLOOKUP($B43,INDIRECT("$P$1:$Z$"&$M$4),COLUMN()-1,0)) | H43: =IF($M$4=0,"",VLOOKUP($B43,INDIRECT("$P$1:$Z$"&$M$4),COLUMN()-1,0)) | I43: =IF($M$4=0,"",VLOOKUP($B43,INDIRECT("$P$1:$Z$"&$M$4),COLUMN()-1,0)) | J43: =IF($M$4=0,"",VLOOKUP($B43,INDIRECT("$P$1:$Z$"&$M$4),COLUMN()-1,0)) | ... L43: =IF($M$4=0,"",VLOOKUP($B43,INDIRECT("$P$1:$Z$"&$M$4),COLUMN()-1,0))
B44: =IF(Calculation!BE50="","",Calculation!BE50) | C44: =IF($M$4=0,"",VLOOKUP($B44,INDIRECT("$P$1:$Z$"&$M$4),COLUMN()-1,0)) | D44: =IF($M$4=0,"",VLOOKUP($B44,INDIRECT("$P$1:$Z$"&$M$4),COLUMN()-1,0)) | E44: =IF($M$4=0,"",VLOOKUP($B44,INDIRECT("$P$1:$Z$"&$M$4),COLUMN()-1,0)) | F44: =IF($M$4=0,"",VLOOKUP($B44,INDIRECT("$P$1:$Z$"&$M$4),COLUMN()-1,0)) | G44: =IF($M$4=0,"",VLOOKUP($B44,INDIRECT("$P$1:$Z$"&$M$4),COLUMN()-1,0)) | H44: =IF($M$4=0,"",VLOOKUP($B44,INDIRECT("$P$1:$Z$"&$M$4),COLUMN()-1,0)) | I44: =IF($M$4=0,"",VLOOKUP($B44,INDIRECT("$P$1:$Z$"&$M$4),COLUMN()-1,0)) | J44: =IF($M$4=0,"",VLOOKUP($B44,INDIRECT("$P$1:$Z$"&$M$4),COLUMN()-1,0)) | ... L44: =IF($M$4=0,"",VLOOKUP($B44,INDIRECT("$P$1:$Z$"&$M$4),COLUMN()-1,0))
B45: =IF(Calculation!BE51="","",Calculation!BE51) | C45: =IF($M$4=0,"",VLOOKUP($B45,INDIRECT("$P$1:$Z$"&$M$4),COLUMN()-1,0)) | D45: =IF($M$4=0,"",VLOOKUP($B45,INDIRECT("$P$1:$Z$"&$M$4),COLUMN()-1,0)) | E45: =IF($M$4=0,"",VLOOKUP($B45,INDIRECT("$P$1:$Z$"&$M$4),COLUMN()-1,0)) | F45: =IF($M$4=0,"",VLOOKUP($B45,INDIRECT("$P$1:$Z$"&$M$4),COLUMN()-1,0)) | G45: =IF($M$4=0,"",VLOOKUP($B45,INDIRECT("$P$1:$Z$"&$M$4),COLUMN()-1,0)) | H45: =IF($M$4=0,"",VLOOKUP($B45,INDIRECT("$P$1:$Z$"&$M$4),COLUMN()-1,0)) | I45: =IF($M$4=0,"",VLOOKUP($B45,INDIRECT("$P$1:$Z$"&$M$4),COLUMN()-1,0)) | J45: =IF($M$4=0,"",VLOOKUP($B45,INDIRECT("$P$1:$Z$"&$M$4),COLUMN()-1,0)) | ... L45: =IF($M$4=0,"",VLOOKUP($B45,INDIRECT("$P$1:$Z$"&$M$4),COLUMN()-1,0))
B46: =IF(Calculation!BE52="","",Calculation!BE52) | C46: =IF($M$4=0,"",VLOOKUP($B46,INDIRECT("$P$1:$Z$"&$M$4),COLUMN()-1,0)) | D46: =IF($M$4=0,"",VLOOKUP($B46,INDIRECT("$P$1:$Z$"&$M$4),COLUMN()-1,0)) | E46: =IF($M$4=0,"",VLOOKUP($B46,INDIRECT("$P$1:$Z$"&$M$4),COLUMN()-1,0)) | F46: =IF($M$4=0,"",VLOOKUP($B46,INDIRECT("$P$1:$Z$"&$M$4),COLUMN()-1,0)) | G46: =IF($M$4=0,"",VLOOKUP($B46,INDIRECT("$P$1:$Z$"&$M$4),COLUMN()-1,0)) | H46: =IF($M$4=0,"",VLOOKUP($B46,INDIRECT("$P$1:$Z$"&$M$4),COLUMN()-1,0)) | I46: =IF($M$4=0,"",VLOOKUP($B46,INDIRECT("$P$1:$Z$"&$M$4),COLUMN()-1,0)) | J46: =IF($M$4=0,"",VLOOKUP($B46,INDIRECT("$P$1:$Z$"&$M$4),COLUMN()-1,0)) | ... L46: =IF($M$4=0,"",VLOOKUP($B46,INDIRECT("$P$1:$Z$"&$M$4),COLUMN()-1,0))
B47: =IF(Calculation!BE53="","",Calculation!BE53) | C47: =IF($M$4=0,"",VLOOKUP($B47,INDIRECT("$P$1:$Z$"&$M$4),COLUMN()-1,0)) | D47: =IF($M$4=0,"",VLOOKUP($B47,INDIRECT("$P$1:$Z$"&$M$4),COLUMN()-1,0)) | E47: =IF($M$4=0,"",VLOOKUP($B47,INDIRECT("$P$1:$Z$"&$M$4),COLUMN()-1,0)) | F47: =IF($M$4=0,"",VLOOKUP($B47,INDIRECT("$P$1:$Z$"&$M$4),COLUMN()-1,0)) | G47: =IF($M$4=0,"",VLOOKUP($B47,INDIRECT("$P$1:$Z$"&$M$4),COLUMN()-1,0)) | H47: =IF($M$4=0,"",VLOOKUP($B47,INDIRECT("$P$1:$Z$"&$M$4),COLUMN()-1,0)) | I47: =IF($M$4=0,"",VLOOKUP($B47,INDIRECT("$P$1:$Z$"&$M$4),COLUMN()-1,0)) | J47: =IF($M$4=0,"",VLOOKUP($B47,INDIRECT("$P$1:$Z$"&$M$4),COLUMN()-1,0)) | ... L47: =IF($M$4=0,"",VLOOKUP($B47,INDIRECT("$P$1:$Z$"&$M$4),COLUMN()-1,0))
B48: =IF(Calculation!BE54="","",Calculation!BE54) | C48: =IF($M$4=0,"",VLOOKUP($B48,INDIRECT("$P$1:$Z$"&$M$4),COLUMN()-1,0)) | D48: =IF($M$4=0,"",VLOOKUP($B48,INDIRECT("$P$1:$Z$"&$M$4),COLUMN()-1,0)) | E48: =IF($M$4=0,"",VLOOKUP($B48,INDIRECT("$P$1:$Z$"&$M$4),COLUMN()-1,0)) | F48: =IF($M$4=0,"",VLOOKUP($B48,INDIRECT("$P$1:$Z$"&$M$4),COLUMN()-1,0)) | G48: =IF($M$4=0,"",VLOOKUP($B48,INDIRECT("$P$1:$Z$"&$M$4),COLUMN()-1,0)) | H48: =IF($M$4=0,"",VLOOKUP($B48,INDIRECT("$P$1:$Z$"&$M$4),COLUMN()-1,0)) | I48: =IF($M$4=0,"",VLOOKUP($B48,INDIRECT("$P$1:$Z$"&$M$4),COLUMN()-1,0)) | J48: =IF($M$4=0,"",VLOOKUP($B48,INDIRECT("$P$1:$Z$"&$M$4),COLUMN()-1,0)) | ... L48: =IF($M$4=0,"",VLOOKUP($B48,INDIRECT("$P$1:$Z$"&$M$4),COLUMN()-1,0))
B49: =IF(Calculation!BE55="","",Calculation!BE55) | C49: =IF($M$4=0,"",VLOOKUP($B49,INDIRECT("$P$1:$Z$"&$M$4),COLUMN()-1,0)) | D49: =IF($M$4=0,"",VLOOKUP($B49,INDIRECT("$P$1:$Z$"&$M$4),COLUMN()-1,0)) | E49: =IF($M$4=0,"",VLOOKUP($B49,INDIRECT("$P$1:$Z$"&$M$4),COLUMN()-1,0)) | F49: =IF($M$4=0,"",VLOOKUP($B49,INDIRECT("$P$1:$Z$"&$M$4),COLUMN()-1,0)) | G49: =IF($M$4=0,"",VLOOKUP($B49,INDIRECT("$P$1:$Z$"&$M$4),COLUMN()-1,0)) | H49: =IF($M$4=0,"",VLOOKUP($B49,INDIRECT("$P$1:$Z$"&$M$4),COLUMN()-1,0)) | I49: =IF($M$4=0,"",VLOOKUP($B49,INDIRECT("$P$1:$Z$"&$M$4),COLUMN()-1,0)) | J49: =IF($M$4=0,"",VLOOKUP($B49,INDIRECT("$P$1:$Z$"&$M$4),COLUMN()-1,0)) | ... L49: =IF($M$4=0,"",VLOOKUP($B49,INDIRECT("$P$1:$Z$"&$M$4),COLUMN()-1,0))
B50: =IF(Calculation!BE56="","",Calculation!BE56) | C50: =IF($M$4=0,"",VLOOKUP($B50,INDIRECT("$P$1:$Z$"&$M$4),COLUMN()-1,0)) | D50: =IF($M$4=0,"",VLOOKUP($B50,INDIRECT("$P$1:$Z$"&$M$4),COLUMN()-1,0)) | E50: =IF($M$4=0,"",VLOOKUP($B50,INDIRECT("$P$1:$Z$"&$M$4),COLUMN()-1,0)) | F50: =IF($M$4=0,"",VLOOKUP($B50,INDIRECT("$P$1:$Z$"&$M$4),COLUMN()-1,0)) | G50: =IF($M$4=0,"",VLOOKUP($B50,INDIRECT("$P$1:$Z$"&$M$4),COLUMN()-1,0)) | H50: =IF($M$4=0,"",VLOOKUP($B50,INDIRECT("$P$1:$Z$"&$M$4),COLUMN()-1,0)) | I50: =IF($M$4=0,"",VLOOKUP($B50,INDIRECT("$P$1:$Z$"&$M$4),COLUMN()-1,0)) | J50: =IF($M$4=0,"",VLOOKUP($B50,INDIRECT("$P$1:$Z$"&$M$4),COLUMN()-1,0)) | ... L50: =IF($M$4=0,"",VLOOKUP($B50,INDIRECT("$P$1:$Z$"&$M$4),COLUMN()-1,0))
B51: =IF(Calculation!BE57="","",Calculation!BE57) | C51: =IF($M$4=0,"",VLOOKUP($B51,INDIRECT("$P$1:$Z$"&$M$4),COLUMN()-1,0)) | D51: =IF($M$4=0,"",VLOOKUP($B51,INDIRECT("$P$1:$Z$"&$M$4),COLUMN()-1,0)) | E51: =IF($M$4=0,"",VLOOKUP($B51,INDIRECT("$P$1:$Z$"&$M$4),COLUMN()-1,0)) | F51: =IF($M$4=0,"",VLOOKUP($B51,INDIRECT("$P$1:$Z$"&$M$4),COLUMN()-1,0)) | G51: =IF($M$4=0,"",VLOOKUP($B51,INDIRECT("$P$1:$Z$"&$M$4),COLUMN()-1,0)) | H51: =IF($M$4=0,"",VLOOKUP($B51,INDIRECT("$P$1:$Z$"&$M$4),COLUMN()-1,0)) | I51: =IF($M$4=0,"",VLOOKUP($B51,INDIRECT("$P$1:$Z$"&$M$4),COLUMN()-1,0)) | J51: =IF($M$4=0,"",VLOOKUP($B51,INDIRECT("$P$1:$Z$"&$M$4),COLUMN()-1,0)) | ... L51: =IF($M$4=0,"",VLOOKUP($B51,INDIRECT("$P$1:$Z$"&$M$4),COLUMN()-1,0))
B52: =IF(Calculation!BE58="","",Calculation!BE58) | C52: =IF($M$4=0,"",VLOOKUP($B52,INDIRECT("$P$1:$Z$"&$M$4),COLUMN()-1,0)) | D52: =IF($M$4=0,"",VLOOKUP($B52,INDIRECT("$P$1:$Z$"&$M$4),COLUMN()-1,0)) | E52: =IF($M$4=0,"",VLOOKUP($B52,INDIRECT("$P$1:$Z$"&$M$4),COLUMN()-1,0)) | F52: =IF($M$4=0,"",VLOOKUP($B52,INDIRECT("$P$1:$Z$"&$M$4),COLUMN()-1,0)) | G52: =IF($M$4=0,"",VLOOKUP($B52,INDIRECT("$P$1:$Z$"&$M$4),COLUMN()-1,0)) | H52: =IF($M$4=0,"",VLOOKUP($B52,INDIRECT("$P$1:$Z$"&$M$4),COLUMN()-1,0)) | I52: =IF($M$4=0,"",VLOOKUP($B52,INDIRECT("$P$1:$Z$"&$M$4),COLUMN()-1,0)) | J52: =IF($M$4=0,"",VLOOKUP($B52,INDIRECT("$P$1:$Z$"&$M$4),COLUMN()-1,0)) | ... L52: =IF($M$4=0,"",VLOOKUP($B52,INDIRECT("$P$1:$Z$"&$M$4),COLUMN()-1,0))
... B55: =IF(Calculation!BE61="","",Calculation!BE61) | C55: =IF($M$4=0,"",VLOOKUP($B55,INDIRECT("$P$1:$Z$"&$M$4),COLUMN()-1,0)) | D55: =IF($M$4=0,"",VLOOKUP($B55,INDIRECT("$P$1:$Z$"&$M$4),COLUMN()-1,0)) | E55: =IF($M$4=0,"",VLOOKUP($B55,INDIRECT("$P$1:$Z$"&$M$4),COLUMN()-1,0)) | F55: =IF($M$4=0,"",VLOOKUP($B55,INDIRECT("$P$1:$Z$"&$M$4),COLUMN()-1,0)) | G55: =IF($M$4=0,"",VLOOKUP($B55,INDIRECT("$P$1:$Z$"&$M$4),COLUMN()-1,0)) | H55: =IF($M$4=0,"",VLOOKUP($B55,INDIRECT("$P$1:$Z$"&$M$4),COLUMN()-1,0)) | I55: =IF($M$4=0,"",VLOOKUP($B55,INDIRECT("$P$1:$Z$"&$M$4),COLUMN()-1,0)) | J55: =IF($M$4=0,"",VLOOKUP($B55,INDIRECT("$P$1:$Z$"&$M$4),COLUMN()-1,0)) | ... L55: =IF($M$4=0,"",VLOOKUP($B55,INDIRECT("$P$1:$Z$"&$M$4),COLUMN()-1,0))

Sheet Case 7
B1: ELEMENT | C1: AXIAL | D1: SHEAR | E1: BENDING | F1: TORSION | G1: -----------Forces(N. | H1: )----------- | I1: ---------Moments(N.m. | J1: )------
B2: NODES: | C2: FORCE | D2: FORCE | E2: MOMENT | F2: MOMENT | G2: FX | H2: FY | I2: FZ | J2: MX | K2: MY | L2: MZ
B4: CASE | C4: =IF(P1="","","L"&MID(INDIRECT("P"&L4),6,2)) | D4: =IF(P1="","",MID(INDIRECT("P"&L4),SEARCH("(",INDIRECT("P"&L4),1)+1,3)) | E4: =IF(P1="","",MID(INDIRECT("P"&L4),SEARCH(")",INDIRECT("P"&L4),1)+2,LEN(INDIRECT("P"&L4)))) | L4: =IF(P1="","",MATCH("CASE*",P1:P10,0)) | M4: =ROUND(COUNT(P:P)*1.6,0) -> 0
B6: =IF(Calculation!BE11="","",Calculation!BE11) | C6: =IF($M$4=0,"",VLOOKUP($B6,INDIRECT("$P$1:$Z$"&$M$4),COLUMN()-1,0)) | D6: =IF($M$4=0,"",VLOOKUP($B6,INDIRECT("$P$1:$Z$"&$M$4),COLUMN()-1,0)) | E6: =IF($M$4=0,"",VLOOKUP($B6,INDIRECT("$P$1:$Z$"&$M$4),COLUMN()-1,0)) | F6: =IF($M$4=0,"",VLOOKUP($B6,INDIRECT("$P$1:$Z$"&$M$4),COLUMN()-1,0)) | G6: =IF($M$4=0,"",VLOOKUP($B6,INDIRECT("$P$1:$Z$"&$M$4),COLUMN()-1,0)) | H6: =IF($M$4=0,"",VLOOKUP($B6,INDIRECT("$P$1:$Z$"&$M$4),COLUMN()-1,0)) | I6: =IF($M$4=0,"",VLOOKUP($B6,INDIRECT("$P$1:$Z$"&$M$4),COLUMN()-1,0)) | J6: =IF($M$4=0,"",VLOOKUP($B6,INDIRECT("$P$1:$Z$"&$M$4),COLUMN()-1,0)) | ... L6: =IF($M$4=0,"",VLOOKUP($B6,INDIRECT("$P$1:$Z$"&$M$4),COLUMN()-1,0))
B7: =IF(Calculation!BE12="","",Calculation!BE12) | C7: =IF($M$4=0,"",VLOOKUP($B7,INDIRECT("$P$1:$Z$"&$M$4),COLUMN()-1,0)) | D7: =IF($M$4=0,"",VLOOKUP($B7,INDIRECT("$P$1:$Z$"&$M$4),COLUMN()-1,0)) | E7: =IF($M$4=0,"",VLOOKUP($B7,INDIRECT("$P$1:$Z$"&$M$4),COLUMN()-1,0)) | F7: =IF($M$4=0,"",VLOOKUP($B7,INDIRECT("$P$1:$Z$"&$M$4),COLUMN()-1,0)) | G7: =IF($M$4=0,"",VLOOKUP($B7,INDIRECT("$P$1:$Z$"&$M$4),COLUMN()-1,0)) | H7: =IF($M$4=0,"",VLOOKUP($B7,INDIRECT("$P$1:$Z$"&$M$4),COLUMN()-1,0)) | I7: =IF($M$4=0,"",VLOOKUP($B7,INDIRECT("$P$1:$Z$"&$M$4),COLUMN()-1,0)) | J7: =IF($M$4=0,"",VLOOKUP($B7,INDIRECT("$P$1:$Z$"&$M$4),COLUMN()-1,0)) | ... L7: =IF($M$4=0,"",VLOOKUP($B7,INDIRECT("$P$1:$Z$"&$M$4),COLUMN()-1,0))
B8: =IF(Calculation!BE13="","",Calculation!BE13) | C8: =IF($M$4=0,"",VLOOKUP($B8,INDIRECT("$P$1:$Z$"&$M$4),COLUMN()-1,0)) | D8: =IF($M$4=0,"",VLOOKUP($B8,INDIRECT("$P$1:$Z$"&$M$4),COLUMN()-1,0)) | E8: =IF($M$4=0,"",VLOOKUP($B8,INDIRECT("$P$1:$Z$"&$M$4),COLUMN()-1,0)) | F8: =IF($M$4=0,"",VLOOKUP($B8,INDIRECT("$P$1:$Z$"&$M$4),COLUMN()-1,0)) | G8: =IF($M$4=0,"",VLOOKUP($B8,INDIRECT("$P$1:$Z$"&$M$4),COLUMN()-1,0)) | H8: =IF($M$4=0,"",VLOOKUP($B8,INDIRECT("$P$1:$Z$"&$M$4),COLUMN()-1,0)) | I8: =IF($M$4=0,"",VLOOKUP($B8,INDIRECT("$P$1:$Z$"&$M$4),COLUMN()-1,0)) | J8: =IF($M$4=0,"",VLOOKUP($B8,INDIRECT("$P$1:$Z$"&$M$4),COLUMN()-1,0)) | ... L8: =IF($M$4=0,"",VLOOKUP($B8,INDIRECT("$P$1:$Z$"&$M$4),COLUMN()-1,0))
B9: =IF(Calculation!BE14="","",Calculation!BE14) | C9: =IF($M$4=0,"",VLOOKUP($B9,INDIRECT("$P$1:$Z$"&$M$4),COLUMN()-1,0)) | D9: =IF($M$4=0,"",VLOOKUP($B9,INDIRECT("$P$1:$Z$"&$M$4),COLUMN()-1,0)) | E9: =IF($M$4=0,"",VLOOKUP($B9,INDIRECT("$P$1:$Z$"&$M$4),COLUMN()-1,0)) | F9: =IF($M$4=0,"",VLOOKUP($B9,INDIRECT("$P$1:$Z$"&$M$4),COLUMN()-1,0)) | G9: =IF($M$4=0,"",VLOOKUP($B9,INDIRECT("$P$1:$Z$"&$M$4),COLUMN()-1,0)) | H9: =IF($M$4=0,"",VLOOKUP($B9,INDIRECT("$P$1:$Z$"&$M$4),COLUMN()-1,0)) | I9: =IF($M$4=0,"",VLOOKUP($B9,INDIRECT("$P$1:$Z$"&$M$4),COLUMN()-1,0)) | J9: =IF($M$4=0,"",VLOOKUP($B9,INDIRECT("$P$1:$Z$"&$M$4),COLUMN()-1,0)) | ... L9: =IF($M$4=0,"",VLOOKUP($B9,INDIRECT("$P$1:$Z$"&$M$4),COLUMN()-1,0))
B10: =IF(Calculation!BE15="","",Calculation!BE15) | C10: =IF($M$4=0,"",VLOOKUP($B10,INDIRECT("$P$1:$Z$"&$M$4),COLUMN()-1,0)) | D10: =IF($M$4=0,"",VLOOKUP($B10,INDIRECT("$P$1:$Z$"&$M$4),COLUMN()-1,0)) | E10: =IF($M$4=0,"",VLOOKUP($B10,INDIRECT("$P$1:$Z$"&$M$4),COLUMN()-1,0)) | F10: =IF($M$4=0,"",VLOOKUP($B10,INDIRECT("$P$1:$Z$"&$M$4),COLUMN()-1,0)) | G10: =IF($M$4=0,"",VLOOKUP($B10,INDIRECT("$P$1:$Z$"&$M$4),COLUMN()-1,0)) | H10: =IF($M$4=0,"",VLOOKUP($B10,INDIRECT("$P$1:$Z$"&$M$4),COLUMN()-1,0)) | I10: =IF($M$4=0,"",VLOOKUP($B10,INDIRECT("$P$1:$Z$"&$M$4),COLUMN()-1,0)) | J10: =IF($M$4=0,"",VLOOKUP($B10,INDIRECT("$P$1:$Z$"&$M$4),COLUMN()-1,0)) | ... L10: =IF($M$4=0,"",VLOOKUP($B10,INDIRECT("$P$1:$Z$"&$M$4),COLUMN()-1,0))
B11: =IF(Calculation!BE16="","",Calculation!BE16) | C11: =IF($M$4=0,"",VLOOKUP($B11,INDIRECT("$P$1:$Z$"&$M$4),COLUMN()-1,0)) | D11: =IF($M$4=0,"",VLOOKUP($B11,INDIRECT("$P$1:$Z$"&$M$4),COLUMN()-1,0)) | E11: =IF($M$4=0,"",VLOOKUP($B11,INDIRECT("$P$1:$Z$"&$M$4),COLUMN()-1,0)) | F11: =IF($M$4=0,"",VLOOKUP($B11,INDIRECT("$P$1:$Z$"&$M$4),COLUMN()-1,0)) | G11: =IF($M$4=0,"",VLOOKUP($B11,INDIRECT("$P$1:$Z$"&$M$4),COLUMN()-1,0)) | H11: =IF($M$4=0,"",VLOOKUP($B11,INDIRECT("$P$1:$Z$"&$M$4),COLUMN()-1,0)) | I11: =IF($M$4=0,"",VLOOKUP($B11,INDIRECT("$P$1:$Z$"&$M$4),COLUMN()-1,0)) | J11: =IF($M$4=0,"",VLOOKUP($B11,INDIRECT("$P$1:$Z$"&$M$4),COLUMN()-1,0)) | ... L11: =IF($M$4=0,"",VLOOKUP($B11,INDIRECT("$P$1:$Z$"&$M$4),COLUMN()-1,0))
B12: =IF(Calculation!BE17="","",Calculation!BE17) | C12: =IF($M$4=0,"",VLOOKUP($B12,INDIRECT("$P$1:$Z$"&$M$4),COLUMN()-1,0)) | D12: =IF($M$4=0,"",VLOOKUP($B12,INDIRECT("$P$1:$Z$"&$M$4),COLUMN()-1,0)) | E12: =IF($M$4=0,"",VLOOKUP($B12,INDIRECT("$P$1:$Z$"&$M$4),COLUMN()-1,0)) | F12: =IF($M$4=0,"",VLOOKUP($B12,INDIRECT("$P$1:$Z$"&$M$4),COLUMN()-1,0)) | G12: =IF($M$4=0,"",VLOOKUP($B12,INDIRECT("$P$1:$Z$"&$M$4),COLUMN()-1,0)) | H12: =IF($M$4=0,"",VLOOKUP($B12,INDIRECT("$P$1:$Z$"&$M$4),COLUMN()-1,0)) | I12: =IF($M$4=0,"",VLOOKUP($B12,INDIRECT("$P$1:$Z$"&$M$4),COLUMN()-1,0)) | J12: =IF($M$4=0,"",VLOOKUP($B12,INDIRECT("$P$1:$Z$"&$M$4),COLUMN()-1,0)) | ... L12: =IF($M$4=0,"",VLOOKUP($B12,INDIRECT("$P$1:$Z$"&$M$4),COLUMN()-1,0))
B13: =IF(Calculation!BE18="","",Calculation!BE18) | C13: =IF($M$4=0,"",VLOOKUP($B13,INDIRECT("$P$1:$Z$"&$M$4),COLUMN()-1,0)) | D13: =IF($M$4=0,"",VLOOKUP($B13,INDIRECT("$P$1:$Z$"&$M$4),COLUMN()-1,0)) | E13: =IF($M$4=0,"",VLOOKUP($B13,INDIRECT("$P$1:$Z$"&$M$4),COLUMN()-1,0)) | F13: =IF($M$4=0,"",VLOOKUP($B13,INDIRECT("$P$1:$Z$"&$M$4),COLUMN()-1,0)) | G13: =IF($M$4=0,"",VLOOKUP($B13,INDIRECT("$P$1:$Z$"&$M$4),COLUMN()-1,0)) | H13: =IF($M$4=0,"",VLOOKUP($B13,INDIRECT("$P$1:$Z$"&$M$4),COLUMN()-1,0)) | I13: =IF($M$4=0,"",VLOOKUP($B13,INDIRECT("$P$1:$Z$"&$M$4),COLUMN()-1,0)) | J13: =IF($M$4=0,"",VLOOKUP($B13,INDIRECT("$P$1:$Z$"&$M$4),COLUMN()-1,0)) | ... L13: =IF($M$4=0,"",VLOOKUP($B13,INDIRECT("$P$1:$Z$"&$M$4),COLUMN()-1,0))
B14: =IF(Calculation!BE19="","",Calculation!BE19) | C14: =IF($M$4=0,"",VLOOKUP($B14,INDIRECT("$P$1:$Z$"&$M$4),COLUMN()-1,0)) | D14: =IF($M$4=0,"",VLOOKUP($B14,INDIRECT("$P$1:$Z$"&$M$4),COLUMN()-1,0)) | E14: =IF($M$4=0,"",VLOOKUP($B14,INDIRECT("$P$1:$Z$"&$M$4),COLUMN()-1,0)) | F14: =IF($M$4=0,"",VLOOKUP($B14,INDIRECT("$P$1:$Z$"&$M$4),COLUMN()-1,0)) | G14: =IF($M$4=0,"",VLOOKUP($B14,INDIRECT("$P$1:$Z$"&$M$4),COLUMN()-1,0)) | H14: =IF($M$4=0,"",VLOOKUP($B14,INDIRECT("$P$1:$Z$"&$M$4),COLUMN()-1,0)) | I14: =IF($M$4=0,"",VLOOKUP($B14,INDIRECT("$P$1:$Z$"&$M$4),COLUMN()-1,0)) | J14: =IF($M$4=0,"",VLOOKUP($B14,INDIRECT("$P$1:$Z$"&$M$4),COLUMN()-1,0)) | ... L14: =IF($M$4=0,"",VLOOKUP($B14,INDIRECT("$P$1:$Z$"&$M$4),COLUMN()-1,0))
B15: =IF(Calculation!BE20="","",Calculation!BE20) | C15: =IF($M$4=0,"",VLOOKUP($B15,INDIRECT("$P$1:$Z$"&$M$4),COLUMN()-1,0)) | D15: =IF($M$4=0,"",VLOOKUP($B15,INDIRECT("$P$1:$Z$"&$M$4),COLUMN()-1,0)) | E15: =IF($M$4=0,"",VLOOKUP($B15,INDIRECT("$P$1:$Z$"&$M$4),COLUMN()-1,0)) | F15: =IF($M$4=0,"",VLOOKUP($B15,INDIRECT("$P$1:$Z$"&$M$4),COLUMN()-1,0)) | G15: =IF($M$4=0,"",VLOOKUP($B15,INDIRECT("$P$1:$Z$"&$M$4),COLUMN()-1,0)) | H15: =IF($M$4=0,"",VLOOKUP($B15,INDIRECT("$P$1:$Z$"&$M$4),COLUMN()-1,0)) | I15: =IF($M$4=0,"",VLOOKUP($B15,INDIRECT("$P$1:$Z$"&$M$4),COLUMN()-1,0)) | J15: =IF($M$4=0,"",VLOOKUP($B15,INDIRECT("$P$1:$Z$"&$M$4),COLUMN()-1,0)) | ... L15: =IF($M$4=0,"",VLOOKUP($B15,INDIRECT("$P$1:$Z$"&$M$4),COLUMN()-1,0))
B16: =IF(Calculation!BE21="","",Calculation!BE21) | C16: =IF($M$4=0,"",VLOOKUP($B16,INDIRECT("$P$1:$Z$"&$M$4),COLUMN()-1,0)) | D16: =IF($M$4=0,"",VLOOKUP($B16,INDIRECT("$P$1:$Z$"&$M$4),COLUMN()-1,0)) | E16: =IF($M$4=0,"",VLOOKUP($B16,INDIRECT("$P$1:$Z$"&$M$4),COLUMN()-1,0)) | F16: =IF($M$4=0,"",VLOOKUP($B16,INDIRECT("$P$1:$Z$"&$M$4),COLUMN()-1,0)) | G16: =IF($M$4=0,"",VLOOKUP($B16,INDIRECT("$P$1:$Z$"&$M$4),COLUMN()-1,0)) | H16: =IF($M$4=0,"",VLOOKUP($B16,INDIRECT("$P$1:$Z$"&$M$4),COLUMN()-1,0)) | I16: =IF($M$4=0,"",VLOOKUP($B16,INDIRECT("$P$1:$Z$"&$M$4),COLUMN()-1,0)) | J16: =IF($M$4=0,"",VLOOKUP($B16,INDIRECT("$P$1:$Z$"&$M$4),COLUMN()-1,0)) | ... L16: =IF($M$4=0,"",VLOOKUP($B16,INDIRECT("$P$1:$Z$"&$M$4),COLUMN()-1,0))
B17: =IF(Calculation!BE22="","",Calculation!BE22) | C17: =IF($M$4=0,"",VLOOKUP($B17,INDIRECT("$P$1:$Z$"&$M$4),COLUMN()-1,0)) | D17: =IF($M$4=0,"",VLOOKUP($B17,INDIRECT("$P$1:$Z$"&$M$4),COLUMN()-1,0)) | E17: =IF($M$4=0,"",VLOOKUP($B17,INDIRECT("$P$1:$Z$"&$M$4),COLUMN()-1,0)) | F17: =IF($M$4=0,"",VLOOKUP($B17,INDIRECT("$P$1:$Z$"&$M$4),COLUMN()-1,0)) | G17: =IF($M$4=0,"",VLOOKUP($B17,INDIRECT("$P$1:$Z$"&$M$4),COLUMN()-1,0)) | H17: =IF($M$4=0,"",VLOOKUP($B17,INDIRECT("$P$1:$Z$"&$M$4),COLUMN()-1,0)) | I17: =IF($M$4=0,"",VLOOKUP($B17,INDIRECT("$P$1:$Z$"&$M$4),COLUMN()-1,0)) | J17: =IF($M$4=0,"",VLOOKUP($B17,INDIRECT("$P$1:$Z$"&$M$4),COLUMN()-1,0)) | ... L17: =IF($M$4=0,"",VLOOKUP($B17,INDIRECT("$P$1:$Z$"&$M$4),COLUMN()-1,0))
... B40: =IF(Calculation!BE45="","",Calculation!BE45) | C40: =IF($M$4=0,"",VLOOKUP($B40,INDIRECT("$P$1:$Z$"&$M$4),COLUMN()-1,0)) | D40: =IF($M$4=0,"",VLOOKUP($B40,INDIRECT("$P$1:$Z$"&$M$4),COLUMN()-1,0)) | E40: =IF($M$4=0,"",VLOOKUP($B40,INDIRECT("$P$1:$Z$"&$M$4),COLUMN()-1,0)) | F40: =IF($M$4=0,"",VLOOKUP($B40,INDIRECT("$P$1:$Z$"&$M$4),COLUMN()-1,0)) | G40: =IF($M$4=0,"",VLOOKUP($B40,INDIRECT("$P$1:$Z$"&$M$4),COLUMN()-1,0)) | H40: =IF($M$4=0,"",VLOOKUP($B40,INDIRECT("$P$1:$Z$"&$M$4),COLUMN()-1,0)) | I40: =IF($M$4=0,"",VLOOKUP($B40,INDIRECT("$P$1:$Z$"&$M$4),COLUMN()-1,0)) | J40: =IF($M$4=0,"",VLOOKUP($B40,INDIRECT("$P$1:$Z$"&$M$4),COLUMN()-1,0)) | ... L40: =IF($M$4=0,"",VLOOKUP($B40,INDIRECT("$P$1:$Z$"&$M$4),COLUMN()-1,0))
B41: =IF(Calculation!BE47="","",Calculation!BE47) | C41: =IF($M$4=0,"",VLOOKUP($B41,INDIRECT("$P$1:$Z$"&$M$4),COLUMN()-1,0)) | D41: =IF($M$4=0,"",VLOOKUP($B41,INDIRECT("$P$1:$Z$"&$M$4),COLUMN()-1,0)) | E41: =IF($M$4=0,"",VLOOKUP($B41,INDIRECT("$P$1:$Z$"&$M$4),COLUMN()-1,0)) | F41: =IF($M$4=0,"",VLOOKUP($B41,INDIRECT("$P$1:$Z$"&$M$4),COLUMN()-1,0)) | G41: =IF($M$4=0,"",VLOOKUP($B41,INDIRECT("$P$1:$Z$"&$M$4),COLUMN()-1,0)) | H41: =IF($M$4=0,"",VLOOKUP($B41,INDIRECT("$P$1:$Z$"&$M$4),COLUMN()-1,0)) | I41: =IF($M$4=0,"",VLOOKUP($B41,INDIRECT("$P$1:$Z$"&$M$4),COLUMN()-1,0)) | J41: =IF($M$4=0,"",VLOOKUP($B41,INDIRECT("$P$1:$Z$"&$M$4),COLUMN()-1,0)) | ... L41: =IF($M$4=0,"",VLOOKUP($B41,INDIRECT("$P$1:$Z$"&$M$4),COLUMN()-1,0))
B42: =IF(Calculation!BE48="","",Calculation!BE48) | C42: =IF($M$4=0,"",VLOOKUP($B42,INDIRECT("$P$1:$Z$"&$M$4),COLUMN()-1,0)) | D42: =IF($M$4=0,"",VLOOKUP($B42,INDIRECT("$P$1:$Z$"&$M$4),COLUMN()-1,0)) | E42: =IF($M$4=0,"",VLOOKUP($B42,INDIRECT("$P$1:$Z$"&$M$4),COLUMN()-1,0)) | F42: =IF($M$4=0,"",VLOOKUP($B42,INDIRECT("$P$1:$Z$"&$M$4),COLUMN()-1,0)) | G42: =IF($M$4=0,"",VLOOKUP($B42,INDIRECT("$P$1:$Z$"&$M$4),COLUMN()-1,0)) | H42: =IF($M$4=0,"",VLOOKUP($B42,INDIRECT("$P$1:$Z$"&$M$4),COLUMN()-1,0)) | I42: =IF($M$4=0,"",VLOOKUP($B42,INDIRECT("$P$1:$Z$"&$M$4),COLUMN()-1,0)) | J42: =IF($M$4=0,"",VLOOKUP($B42,INDIRECT("$P$1:$Z$"&$M$4),COLUMN()-1,0)) | ... L42: =IF($M$4=0,"",VLOOKUP($B42,INDIRECT("$P$1:$Z$"&$M$4),COLUMN()-1,0))
B43: =IF(Calculation!BE49="","",Calculation!BE49) | C43: =IF($M$4=0,"",VLOOKUP($B43,INDIRECT("$P$1:$Z$"&$M$4),COLUMN()-1,0)) | D43: =IF($M$4=0,"",VLOOKUP($B43,INDIRECT("$P$1:$Z$"&$M$4),COLUMN()-1,0)) | E43: =IF($M$4=0,"",VLOOKUP($B43,INDIRECT("$P$1:$Z$"&$M$4),COLUMN()-1,0)) | F43: =IF($M$4=0,"",VLOOKUP($B43,INDIRECT("$P$1:$Z$"&$M$4),COLUMN()-1,0)) | G43: =IF($M$4=0,"",VLOOKUP($B43,INDIRECT("$P$1:$Z$"&$M$4),COLUMN()-1,0)) | H43: =IF($M$4=0,"",VLOOKUP($B43,INDIRECT("$P$1:$Z$"&$M$4),COLUMN()-1,0)) | I43: =IF($M$4=0,"",VLOOKUP($B43,INDIRECT("$P$1:$Z$"&$M$4),COLUMN()-1,0)) | J43: =IF($M$4=0,"",VLOOKUP($B43,INDIRECT("$P$1:$Z$"&$M$4),COLUMN()-1,0)) | ... L43: =IF($M$4=0,"",VLOOKUP($B43,INDIRECT("$P$1:$Z$"&$M$4),COLUMN()-1,0))
B44: =IF(Calculation!BE50="","",Calculation!BE50) | C44: =IF($M$4=0,"",VLOOKUP($B44,INDIRECT("$P$1:$Z$"&$M$4),COLUMN()-1,0)) | D44: =IF($M$4=0,"",VLOOKUP($B44,INDIRECT("$P$1:$Z$"&$M$4),COLUMN()-1,0)) | E44: =IF($M$4=0,"",VLOOKUP($B44,INDIRECT("$P$1:$Z$"&$M$4),COLUMN()-1,0)) | F44: =IF($M$4=0,"",VLOOKUP($B44,INDIRECT("$P$1:$Z$"&$M$4),COLUMN()-1,0)) | G44: =IF($M$4=0,"",VLOOKUP($B44,INDIRECT("$P$1:$Z$"&$M$4),COLUMN()-1,0)) | H44: =IF($M$4=0,"",VLOOKUP($B44,INDIRECT("$P$1:$Z$"&$M$4),COLUMN()-1,0)) | I44: =IF($M$4=0,"",VLOOKUP($B44,INDIRECT("$P$1:$Z$"&$M$4),COLUMN()-1,0)) | J44: =IF($M$4=0,"",VLOOKUP($B44,INDIRECT("$P$1:$Z$"&$M$4),COLUMN()-1,0)) | ... L44: =IF($M$4=0,"",VLOOKUP($B44,INDIRECT("$P$1:$Z$"&$M$4),COLUMN()-1,0))
B45: =IF(Calculation!BE51="","",Calculation!BE51) | C45: =IF($M$4=0,"",VLOOKUP($B45,INDIRECT("$P$1:$Z$"&$M$4),COLUMN()-1,0)) | D45: =IF($M$4=0,"",VLOOKUP($B45,INDIRECT("$P$1:$Z$"&$M$4),COLUMN()-1,0)) | E45: =IF($M$4=0,"",VLOOKUP($B45,INDIRECT("$P$1:$Z$"&$M$4),COLUMN()-1,0)) | F45: =IF($M$4=0,"",VLOOKUP($B45,INDIRECT("$P$1:$Z$"&$M$4),COLUMN()-1,0)) | G45: =IF($M$4=0,"",VLOOKUP($B45,INDIRECT("$P$1:$Z$"&$M$4),COLUMN()-1,0)) | H45: =IF($M$4=0,"",VLOOKUP($B45,INDIRECT("$P$1:$Z$"&$M$4),COLUMN()-1,0)) | I45: =IF($M$4=0,"",VLOOKUP($B45,INDIRECT("$P$1:$Z$"&$M$4),COLUMN()-1,0)) | J45: =IF($M$4=0,"",VLOOKUP($B45,INDIRECT("$P$1:$Z$"&$M$4),COLUMN()-1,0)) | ... L45: =IF($M$4=0,"",VLOOKUP($B45,INDIRECT("$P$1:$Z$"&$M$4),COLUMN()-1,0))
B46: =IF(Calculation!BE52="","",Calculation!BE52) | C46: =IF($M$4=0,"",VLOOKUP($B46,INDIRECT("$P$1:$Z$"&$M$4),COLUMN()-1,0)) | D46: =IF($M$4=0,"",VLOOKUP($B46,INDIRECT("$P$1:$Z$"&$M$4),COLUMN()-1,0)) | E46: =IF($M$4=0,"",VLOOKUP($B46,INDIRECT("$P$1:$Z$"&$M$4),COLUMN()-1,0)) | F46: =IF($M$4=0,"",VLOOKUP($B46,INDIRECT("$P$1:$Z$"&$M$4),COLUMN()-1,0)) | G46: =IF($M$4=0,"",VLOOKUP($B46,INDIRECT("$P$1:$Z$"&$M$4),COLUMN()-1,0)) | H46: =IF($M$4=0,"",VLOOKUP($B46,INDIRECT("$P$1:$Z$"&$M$4),COLUMN()-1,0)) | I46: =IF($M$4=0,"",VLOOKUP($B46,INDIRECT("$P$1:$Z$"&$M$4),COLUMN()-1,0)) | J46: =IF($M$4=0,"",VLOOKUP($B46,INDIRECT("$P$1:$Z$"&$M$4),COLUMN()-1,0)) | ... L46: =IF($M$4=0,"",VLOOKUP($B46,INDIRECT("$P$1:$Z$"&$M$4),COLUMN()-1,0))
B47: =IF(Calculation!BE53="","",Calculation!BE53) | C47: =IF($M$4=0,"",VLOOKUP($B47,INDIRECT("$P$1:$Z$"&$M$4),COLUMN()-1,0)) | D47: =IF($M$4=0,"",VLOOKUP($B47,INDIRECT("$P$1:$Z$"&$M$4),COLUMN()-1,0)) | E47: =IF($M$4=0,"",VLOOKUP($B47,INDIRECT("$P$1:$Z$"&$M$4),COLUMN()-1,0)) | F47: =IF($M$4=0,"",VLOOKUP($B47,INDIRECT("$P$1:$Z$"&$M$4),COLUMN()-1,0)) | G47: =IF($M$4=0,"",VLOOKUP($B47,INDIRECT("$P$1:$Z$"&$M$4),COLUMN()-1,0)) | H47: =IF($M$4=0,"",VLOOKUP($B47,INDIRECT("$P$1:$Z$"&$M$4),COLUMN()-1,0)) | I47: =IF($M$4=0,"",VLOOKUP($B47,INDIRECT("$P$1:$Z$"&$M$4),COLUMN()-1,0)) | J47: =IF($M$4=0,"",VLOOKUP($B47,INDIRECT("$P$1:$Z$"&$M$4),COLUMN()-1,0)) | ... L47: =IF($M$4=0,"",VLOOKUP($B47,INDIRECT("$P$1:$Z$"&$M$4),COLUMN()-1,0))
B48: =IF(Calculation!BE54="","",Calculation!BE54) | C48: =IF($M$4=0,"",VLOOKUP($B48,INDIRECT("$P$1:$Z$"&$M$4),COLUMN()-1,0)) | D48: =IF($M$4=0,"",VLOOKUP($B48,INDIRECT("$P$1:$Z$"&$M$4),COLUMN()-1,0)) | E48: =IF($M$4=0,"",VLOOKUP($B48,INDIRECT("$P$1:$Z$"&$M$4),COLUMN()-1,0)) | F48: =IF($M$4=0,"",VLOOKUP($B48,INDIRECT("$P$1:$Z$"&$M$4),COLUMN()-1,0)) | G48: =IF($M$4=0,"",VLOOKUP($B48,INDIRECT("$P$1:$Z$"&$M$4),COLUMN()-1,0)) | H48: =IF($M$4=0,"",VLOOKUP($B48,INDIRECT("$P$1:$Z$"&$M$4),COLUMN()-1,0)) | I48: =IF($M$4=0,"",VLOOKUP($B48,INDIRECT("$P$1:$Z$"&$M$4),COLUMN()-1,0)) | J48: =IF($M$4=0,"",VLOOKUP($B48,INDIRECT("$P$1:$Z$"&$M$4),COLUMN()-1,0)) | ... L48: =IF($M$4=0,"",VLOOKUP($B48,INDIRECT("$P$1:$Z$"&$M$4),COLUMN()-1,0))
B49: =IF(Calculation!BE55="","",Calculation!BE55) | C49: =IF($M$4=0,"",VLOOKUP($B49,INDIRECT("$P$1:$Z$"&$M$4),COLUMN()-1,0)) | D49: =IF($M$4=0,"",VLOOKUP($B49,INDIRECT("$P$1:$Z$"&$M$4),COLUMN()-1,0)) | E49: =IF($M$4=0,"",VLOOKUP($B49,INDIRECT("$P$1:$Z$"&$M$4),COLUMN()-1,0)) | F49: =IF($M$4=0,"",VLOOKUP($B49,INDIRECT("$P$1:$Z$"&$M$4),COLUMN()-1,0)) | G49: =IF($M$4=0,"",VLOOKUP($B49,INDIRECT("$P$1:$Z$"&$M$4),COLUMN()-1,0)) | H49: =IF($M$4=0,"",VLOOKUP($B49,INDIRECT("$P$1:$Z$"&$M$4),COLUMN()-1,0)) | I49: =IF($M$4=0,"",VLOOKUP($B49,INDIRECT("$P$1:$Z$"&$M$4),COLUMN()-1,0)) | J49: =IF($M$4=0,"",VLOOKUP($B49,INDIRECT("$P$1:$Z$"&$M$4),COLUMN()-1,0)) | ... L49: =IF($M$4=0,"",VLOOKUP($B49,INDIRECT("$P$1:$Z$"&$M$4),COLUMN()-1,0))
B50: =IF(Calculation!BE56="","",Calculation!BE56) | C50: =IF($M$4=0,"",VLOOKUP($B50,INDIRECT("$P$1:$Z$"&$M$4),COLUMN()-1,0)) | D50: =IF($M$4=0,"",VLOOKUP($B50,INDIRECT("$P$1:$Z$"&$M$4),COLUMN()-1,0)) | E50: =IF($M$4=0,"",VLOOKUP($B50,INDIRECT("$P$1:$Z$"&$M$4),COLUMN()-1,0)) | F50: =IF($M$4=0,"",VLOOKUP($B50,INDIRECT("$P$1:$Z$"&$M$4),COLUMN()-1,0)) | G50: =IF($M$4=0,"",VLOOKUP($B50,INDIRECT("$P$1:$Z$"&$M$4),COLUMN()-1,0)) | H50: =IF($M$4=0,"",VLOOKUP($B50,INDIRECT("$P$1:$Z$"&$M$4),COLUMN()-1,0)) | I50: =IF($M$4=0,"",VLOOKUP($B50,INDIRECT("$P$1:$Z$"&$M$4),COLUMN()-1,0)) | J50: =IF($M$4=0,"",VLOOKUP($B50,INDIRECT("$P$1:$Z$"&$M$4),COLUMN()-1,0)) | ... L50: =IF($M$4=0,"",VLOOKUP($B50,INDIRECT("$P$1:$Z$"&$M$4),COLUMN()-1,0))
B51: =IF(Calculation!BE57="","",Calculation!BE57) | C51: =IF($M$4=0,"",VLOOKUP($B51,INDIRECT("$P$1:$Z$"&$M$4),COLUMN()-1,0)) | D51: =IF($M$4=0,"",VLOOKUP($B51,INDIRECT("$P$1:$Z$"&$M$4),COLUMN()-1,0)) | E51: =IF($M$4=0,"",VLOOKUP($B51,INDIRECT("$P$1:$Z$"&$M$4),COLUMN()-1,0)) | F51: =IF($M$4=0,"",VLOOKUP($B51,INDIRECT("$P$1:$Z$"&$M$4),COLUMN()-1,0)) | G51: =IF($M$4=0,"",VLOOKUP($B51,INDIRECT("$P$1:$Z$"&$M$4),COLUMN()-1,0)) | H51: =IF($M$4=0,"",VLOOKUP($B51,INDIRECT("$P$1:$Z$"&$M$4),COLUMN()-1,0)) | I51: =IF($M$4=0,"",VLOOKUP($B51,INDIRECT("$P$1:$Z$"&$M$4),COLUMN()-1,0)) | J51: =IF($M$4=0,"",VLOOKUP($B51,INDIRECT("$P$1:$Z$"&$M$4),COLUMN()-1,0)) | ... L51: =IF($M$4=0,"",VLOOKUP($B51,INDIRECT("$P$1:$Z$"&$M$4),COLUMN()-1,0))
B52: =IF(Calculation!BE58="","",Calculation!BE58) | C52: =IF($M$4=0,"",VLOOKUP($B52,INDIRECT("$P$1:$Z$"&$M$4),COLUMN()-1,0)) | D52: =IF($M$4=0,"",VLOOKUP($B52,INDIRECT("$P$1:$Z$"&$M$4),COLUMN()-1,0)) | E52: =IF($M$4=0,"",VLOOKUP($B52,INDIRECT("$P$1:$Z$"&$M$4),COLUMN()-1,0)) | F52: =IF($M$4=0,"",VLOOKUP($B52,INDIRECT("$P$1:$Z$"&$M$4),COLUMN()-1,0)) | G52: =IF($M$4=0,"",VLOOKUP($B52,INDIRECT("$P$1:$Z$"&$M$4),COLUMN()-1,0)) | H52: =IF($M$4=0,"",VLOOKUP($B52,INDIRECT("$P$1:$Z$"&$M$4),COLUMN()-1,0)) | I52: =IF($M$4=0,"",VLOOKUP($B52,INDIRECT("$P$1:$Z$"&$M$4),COLUMN()-1,0)) | J52: =IF($M$4=0,"",VLOOKUP($B52,INDIRECT("$P$1:$Z$"&$M$4),COLUMN()-1,0)) | ... L52: =IF($M$4=0,"",VLOOKUP($B52,INDIRECT("$P$1:$Z$"&$M$4),COLUMN()-1,0))
... B55: =IF(Calculation!BE61="","",Calculation!BE61) | C55: =IF($M$4=0,"",VLOOKUP($B55,INDIRECT("$P$1:$Z$"&$M$4),COLUMN()-1,0)) | D55: =IF($M$4=0,"",VLOOKUP($B55,INDIRECT("$P$1:$Z$"&$M$4),COLUMN()-1,0)) | E55: =IF($M$4=0,"",VLOOKUP($B55,INDIRECT("$P$1:$Z$"&$M$4),COLUMN()-1,0)) | F55: =IF($M$4=0,"",VLOOKUP($B55,INDIRECT("$P$1:$Z$"&$M$4),COLUMN()-1,0)) | G55: =IF($M$4=0,"",VLOOKUP($B55,INDIRECT("$P$1:$Z$"&$M$4),COLUMN()-1,0)) | H55: =IF($M$4=0,"",VLOOKUP($B55,INDIRECT("$P$1:$Z$"&$M$4),COLUMN()-1,0)) | I55: =IF($M$4=0,"",VLOOKUP($B55,INDIRECT("$P$1:$Z$"&$M$4),COLUMN()-1,0)) | J55: =IF($M$4=0,"",VLOOKUP($B55,INDIRECT("$P$1:$Z$"&$M$4),COLUMN()-1,0)) | ... L55: =IF($M$4=0,"",VLOOKUP($B55,INDIRECT("$P$1:$Z$"&$M$4),COLUMN()-1,0))

Sheet Case 8
B1: ELEMENT | C1: AXIAL | D1: SHEAR | E1: BENDING | F1: TORSION | G1: -----------Forces(N. | H1: )----------- | I1: ---------Moments(N.m. | J1: )------
B2: NODES: | C2: FORCE | D2: FORCE | E2: MOMENT | F2: MOMENT | G2: FX | H2: FY | I2: FZ | J2: MX | K2: MY | L2: MZ
B4: CASE | C4: =IF(P1="","","L"&MID(INDIRECT("P"&L4),6,2)) | D4: =IF(P1="","",MID(INDIRECT("P"&L4),SEARCH("(",INDIRECT("P"&L4),1)+1,3)) | E4: =IF(P1="","",MID(INDIRECT("P"&L4),SEARCH(")",INDIRECT("P"&L4),1)+2,LEN(INDIRECT("P"&L4)))) | L4: =IF(P1="","",MATCH("CASE*",P1:P10,0)) | M4: =ROUND(COUNT(P:P)*1.6,0) -> 0
B6: =IF(Calculation!BE11="","",Calculation!BE11) | C6: =IF($M$4=0,"",VLOOKUP($B6,INDIRECT("$P$1:$Z$"&$M$4),COLUMN()-1,0)) | D6: =IF($M$4=0,"",VLOOKUP($B6,INDIRECT("$P$1:$Z$"&$M$4),COLUMN()-1,0)) | E6: =IF($M$4=0,"",VLOOKUP($B6,INDIRECT("$P$1:$Z$"&$M$4),COLUMN()-1,0)) | F6: =IF($M$4=0,"",VLOOKUP($B6,INDIRECT("$P$1:$Z$"&$M$4),COLUMN()-1,0)) | G6: =IF($M$4=0,"",VLOOKUP($B6,INDIRECT("$P$1:$Z$"&$M$4),COLUMN()-1,0)) | H6: =IF($M$4=0,"",VLOOKUP($B6,INDIRECT("$P$1:$Z$"&$M$4),COLUMN()-1,0)) | I6: =IF($M$4=0,"",VLOOKUP($B6,INDIRECT("$P$1:$Z$"&$M$4),COLUMN()-1,0)) | J6: =IF($M$4=0,"",VLOOKUP($B6,INDIRECT("$P$1:$Z$"&$M$4),COLUMN()-1,0)) | ... L6: =IF($M$4=0,"",VLOOKUP($B6,INDIRECT("$P$1:$Z$"&$M$4),COLUMN()-1,0))
B7: =IF(Calculation!BE12="","",Calculation!BE12) | C7: =IF($M$4=0,"",VLOOKUP($B7,INDIRECT("$P$1:$Z$"&$M$4),COLUMN()-1,0)) | D7: =IF($M$4=0,"",VLOOKUP($B7,INDIRECT("$P$1:$Z$"&$M$4),COLUMN()-1,0)) | E7: =IF($M$4=0,"",VLOOKUP($B7,INDIRECT("$P$1:$Z$"&$M$4),COLUMN()-1,0)) | F7: =IF($M$4=0,"",VLOOKUP($B7,INDIRECT("$P$1:$Z$"&$M$4),COLUMN()-1,0)) | G7: =IF($M$4=0,"",VLOOKUP($B7,INDIRECT("$P$1:$Z$"&$M$4),COLUMN()-1,0)) | H7: =IF($M$4=0,"",VLOOKUP($B7,INDIRECT("$P$1:$Z$"&$M$4),COLUMN()-1,0)) | I7: =IF($M$4=0,"",VLOOKUP($B7,INDIRECT("$P$1:$Z$"&$M$4),COLUMN()-1,0)) | J7: =IF($M$4=0,"",VLOOKUP($B7,INDIRECT("$P$1:$Z$"&$M$4),COLUMN()-1,0)) | ... L7: =IF($M$4=0,"",VLOOKUP($B7,INDIRECT("$P$1:$Z$"&$M$4),COLUMN()-1,0))
B8: =IF(Calculation!BE13="","",Calculation!BE13) | C8: =IF($M$4=0,"",VLOOKUP($B8,INDIRECT("$P$1:$Z$"&$M$4),COLUMN()-1,0)) | D8: =IF($M$4=0,"",VLOOKUP($B8,INDIRECT("$P$1:$Z$"&$M$4),COLUMN()-1,0)) | E8: =IF($M$4=0,"",VLOOKUP($B8,INDIRECT("$P$1:$Z$"&$M$4),COLUMN()-1,0)) | F8: =IF($M$4=0,"",VLOOKUP($B8,INDIRECT("$P$1:$Z$"&$M$4),COLUMN()-1,0)) | G8: =IF($M$4=0,"",VLOOKUP($B8,INDIRECT("$P$1:$Z$"&$M$4),COLUMN()-1,0)) | H8: =IF($M$4=0,"",VLOOKUP($B8,INDIRECT("$P$1:$Z$"&$M$4),COLUMN()-1,0)) | I8: =IF($M$4=0,"",VLOOKUP($B8,INDIRECT("$P$1:$Z$"&$M$4),COLUMN()-1,0)) | J8: =IF($M$4=0,"",VLOOKUP($B8,INDIRECT("$P$1:$Z$"&$M$4),COLUMN()-1,0)) | ... L8: =IF($M$4=0,"",VLOOKUP($B8,INDIRECT("$P$1:$Z$"&$M$4),COLUMN()-1,0))
B9: =IF(Calculation!BE14="","",Calculation!BE14) | C9: =IF($M$4=0,"",VLOOKUP($B9,INDIRECT("$P$1:$Z$"&$M$4),COLUMN()-1,0)) | D9: =IF($M$4=0,"",VLOOKUP($B9,INDIRECT("$P$1:$Z$"&$M$4),COLUMN()-1,0)) | E9: =IF($M$4=0,"",VLOOKUP($B9,INDIRECT("$P$1:$Z$"&$M$4),COLUMN()-1,0)) | F9: =IF($M$4=0,"",VLOOKUP($B9,INDIRECT("$P$1:$Z$"&$M$4),COLUMN()-1,0)) | G9: =IF($M$4=0,"",VLOOKUP($B9,INDIRECT("$P$1:$Z$"&$M$4),COLUMN()-1,0)) | H9: =IF($M$4=0,"",VLOOKUP($B9,INDIRECT("$P$1:$Z$"&$M$4),COLUMN()-1,0)) | I9: =IF($M$4=0,"",VLOOKUP($B9,INDIRECT("$P$1:$Z$"&$M$4),COLUMN()-1,0)) | J9: =IF($M$4=0,"",VLOOKUP($B9,INDIRECT("$P$1:$Z$"&$M$4),COLUMN()-1,0)) | ... L9: =IF($M$4=0,"",VLOOKUP($B9,INDIRECT("$P$1:$Z$"&$M$4),COLUMN()-1,0))
B10: =IF(Calculation!BE15="","",Calculation!BE15) | C10: =IF($M$4=0,"",VLOOKUP($B10,INDIRECT("$P$1:$Z$"&$M$4),COLUMN()-1,0)) | D10: =IF($M$4=0,"",VLOOKUP($B10,INDIRECT("$P$1:$Z$"&$M$4),COLUMN()-1,0)) | E10: =IF($M$4=0,"",VLOOKUP($B10,INDIRECT("$P$1:$Z$"&$M$4),COLUMN()-1,0)) | F10: =IF($M$4=0,"",VLOOKUP($B10,INDIRECT("$P$1:$Z$"&$M$4),COLUMN()-1,0)) | G10: =IF($M$4=0,"",VLOOKUP($B10,INDIRECT("$P$1:$Z$"&$M$4),COLUMN()-1,0)) | H10: =IF($M$4=0,"",VLOOKUP($B10,INDIRECT("$P$1:$Z$"&$M$4),COLUMN()-1,0)) | I10: =IF($M$4=0,"",VLOOKUP($B10,INDIRECT("$P$1:$Z$"&$M$4),COLUMN()-1,0)) | J10: =IF($M$4=0,"",VLOOKUP($B10,INDIRECT("$P$1:$Z$"&$M$4),COLUMN()-1,0)) | ... L10: =IF($M$4=0,"",VLOOKUP($B10,INDIRECT("$P$1:$Z$"&$M$4),COLUMN()-1,0))
B11: =IF(Calculation!BE16="","",Calculation!BE16) | C11: =IF($M$4=0,"",VLOOKUP($B11,INDIRECT("$P$1:$Z$"&$M$4),COLUMN()-1,0)) | D11: =IF($M$4=0,"",VLOOKUP($B11,INDIRECT("$P$1:$Z$"&$M$4),COLUMN()-1,0)) | E11: =IF($M$4=0,"",VLOOKUP($B11,INDIRECT("$P$1:$Z$"&$M$4),COLUMN()-1,0)) | F11: =IF($M$4=0,"",VLOOKUP($B11,INDIRECT("$P$1:$Z$"&$M$4),COLUMN()-1,0)) | G11: =IF($M$4=0,"",VLOOKUP($B11,INDIRECT("$P$1:$Z$"&$M$4),COLUMN()-1,0)) | H11: =IF($M$4=0,"",VLOOKUP($B11,INDIRECT("$P$1:$Z$"&$M$4),COLUMN()-1,0)) | I11: =IF($M$4=0,"",VLOOKUP($B11,INDIRECT("$P$1:$Z$"&$M$4),COLUMN()-1,0)) | J11: =IF($M$4=0,"",VLOOKUP($B11,INDIRECT("$P$1:$Z$"&$M$4),COLUMN()-1,0)) | ... L11: =IF($M$4=0,"",VLOOKUP($B11,INDIRECT("$P$1:$Z$"&$M$4),COLUMN()-1,0))
B12: =IF(Calculation!BE17="","",Calculation!BE17) | C12: =IF($M$4=0,"",VLOOKUP($B12,INDIRECT("$P$1:$Z$"&$M$4),COLUMN()-1,0)) | D12: =IF($M$4=0,"",VLOOKUP($B12,INDIRECT("$P$1:$Z$"&$M$4),COLUMN()-1,0)) | E12: =IF($M$4=0,"",VLOOKUP($B12,INDIRECT("$P$1:$Z$"&$M$4),COLUMN()-1,0)) | F12: =IF($M$4=0,"",VLOOKUP($B12,INDIRECT("$P$1:$Z$"&$M$4),COLUMN()-1,0)) | G12: =IF($M$4=0,"",VLOOKUP($B12,INDIRECT("$P$1:$Z$"&$M$4),COLUMN()-1,0)) | H12: =IF($M$4=0,"",VLOOKUP($B12,INDIRECT("$P$1:$Z$"&$M$4),COLUMN()-1,0)) | I12: =IF($M$4=0,"",VLOOKUP($B12,INDIRECT("$P$1:$Z$"&$M$4),COLUMN()-1,0)) | J12: =IF($M$4=0,"",VLOOKUP($B12,INDIRECT("$P$1:$Z$"&$M$4),COLUMN()-1,0)) | ... L12: =IF($M$4=0,"",VLOOKUP($B12,INDIRECT("$P$1:$Z$"&$M$4),COLUMN()-1,0))
B13: =IF(Calculation!BE18="","",Calculation!BE18) | C13: =IF($M$4=0,"",VLOOKUP($B13,INDIRECT("$P$1:$Z$"&$M$4),COLUMN()-1,0)) | D13: =IF($M$4=0,"",VLOOKUP($B13,INDIRECT("$P$1:$Z$"&$M$4),COLUMN()-1,0)) | E13: =IF($M$4=0,"",VLOOKUP($B13,INDIRECT("$P$1:$Z$"&$M$4),COLUMN()-1,0)) | F13: =IF($M$4=0,"",VLOOKUP($B13,INDIRECT("$P$1:$Z$"&$M$4),COLUMN()-1,0)) | G13: =IF($M$4=0,"",VLOOKUP($B13,INDIRECT("$P$1:$Z$"&$M$4),COLUMN()-1,0)) | H13: =IF($M$4=0,"",VLOOKUP($B13,INDIRECT("$P$1:$Z$"&$M$4),COLUMN()-1,0)) | I13: =IF($M$4=0,"",VLOOKUP($B13,INDIRECT("$P$1:$Z$"&$M$4),COLUMN()-1,0)) | J13: =IF($M$4=0,"",VLOOKUP($B13,INDIRECT("$P$1:$Z$"&$M$4),COLUMN()-1,0)) | ... L13: =IF($M$4=0,"",VLOOKUP($B13,INDIRECT("$P$1:$Z$"&$M$4),COLUMN()-1,0))
B14: =IF(Calculation!BE19="","",Calculation!BE19) | C14: =IF($M$4=0,"",VLOOKUP($B14,INDIRECT("$P$1:$Z$"&$M$4),COLUMN()-1,0)) | D14: =IF($M$4=0,"",VLOOKUP($B14,INDIRECT("$P$1:$Z$"&$M$4),COLUMN()-1,0)) | E14: =IF($M$4=0,"",VLOOKUP($B14,INDIRECT("$P$1:$Z$"&$M$4),COLUMN()-1,0)) | F14: =IF($M$4=0,"",VLOOKUP($B14,INDIRECT("$P$1:$Z$"&$M$4),COLUMN()-1,0)) | G14: =IF($M$4=0,"",VLOOKUP($B14,INDIRECT("$P$1:$Z$"&$M$4),COLUMN()-1,0)) | H14: =IF($M$4=0,"",VLOOKUP($B14,INDIRECT("$P$1:$Z$"&$M$4),COLUMN()-1,0)) | I14: =IF($M$4=0,"",VLOOKUP($B14,INDIRECT("$P$1:$Z$"&$M$4),COLUMN()-1,0)) | J14: =IF($M$4=0,"",VLOOKUP($B14,INDIRECT("$P$1:$Z$"&$M$4),COLUMN()-1,0)) | ... L14: =IF($M$4=0,"",VLOOKUP($B14,INDIRECT("$P$1:$Z$"&$M$4),COLUMN()-1,0))
B15: =IF(Calculation!BE20="","",Calculation!BE20) | C15: =IF($M$4=0,"",VLOOKUP($B15,INDIRECT("$P$1:$Z$"&$M$4),COLUMN()-1,0)) | D15: =IF($M$4=0,"",VLOOKUP($B15,INDIRECT("$P$1:$Z$"&$M$4),COLUMN()-1,0)) | E15: =IF($M$4=0,"",VLOOKUP($B15,INDIRECT("$P$1:$Z$"&$M$4),COLUMN()-1,0)) | F15: =IF($M$4=0,"",VLOOKUP($B15,INDIRECT("$P$1:$Z$"&$M$4),COLUMN()-1,0)) | G15: =IF($M$4=0,"",VLOOKUP($B15,INDIRECT("$P$1:$Z$"&$M$4),COLUMN()-1,0)) | H15: =IF($M$4=0,"",VLOOKUP($B15,INDIRECT("$P$1:$Z$"&$M$4),COLUMN()-1,0)) | I15: =IF($M$4=0,"",VLOOKUP($B15,INDIRECT("$P$1:$Z$"&$M$4),COLUMN()-1,0)) | J15: =IF($M$4=0,"",VLOOKUP($B15,INDIRECT("$P$1:$Z$"&$M$4),COLUMN()-1,0)) | ... L15: =IF($M$4=0,"",VLOOKUP($B15,INDIRECT("$P$1:$Z$"&$M$4),COLUMN()-1,0))
B16: =IF(Calculation!BE21="","",Calculation!BE21) | C16: =IF($M$4=0,"",VLOOKUP($B16,INDIRECT("$P$1:$Z$"&$M$4),COLUMN()-1,0)) | D16: =IF($M$4=0,"",VLOOKUP($B16,INDIRECT("$P$1:$Z$"&$M$4),COLUMN()-1,0)) | E16: =IF($M$4=0,"",VLOOKUP($B16,INDIRECT("$P$1:$Z$"&$M$4),COLUMN()-1,0)) | F16: =IF($M$4=0,"",VLOOKUP($B16,INDIRECT("$P$1:$Z$"&$M$4),COLUMN()-1,0)) | G16: =IF($M$4=0,"",VLOOKUP($B16,INDIRECT("$P$1:$Z$"&$M$4),COLUMN()-1,0)) | H16: =IF($M$4=0,"",VLOOKUP($B16,INDIRECT("$P$1:$Z$"&$M$4),COLUMN()-1,0)) | I16: =IF($M$4=0,"",VLOOKUP($B16,INDIRECT("$P$1:$Z$"&$M$4),COLUMN()-1,0)) | J16: =IF($M$4=0,"",VLOOKUP($B16,INDIRECT("$P$1:$Z$"&$M$4),COLUMN()-1,0)) | ... L16: =IF($M$4=0,"",VLOOKUP($B16,INDIRECT("$P$1:$Z$"&$M$4),COLUMN()-1,0))
B17: =IF(Calculation!BE22="","",Calculation!BE22) | C17: =IF($M$4=0,"",VLOOKUP($B17,INDIRECT("$P$1:$Z$"&$M$4),COLUMN()-1,0)) | D17: =IF($M$4=0,"",VLOOKUP($B17,INDIRECT("$P$1:$Z$"&$M$4),COLUMN()-1,0)) | E17: =IF($M$4=0,"",VLOOKUP($B17,INDIRECT("$P$1:$Z$"&$M$4),COLUMN()-1,0)) | F17: =IF($M$4=0,"",VLOOKUP($B17,INDIRECT("$P$1:$Z$"&$M$4),COLUMN()-1,0)) | G17: =IF($M$4=0,"",VLOOKUP($B17,INDIRECT("$P$1:$Z$"&$M$4),COLUMN()-1,0)) | H17: =IF($M$4=0,"",VLOOKUP($B17,INDIRECT("$P$1:$Z$"&$M$4),COLUMN()-1,0)) | I17: =IF($M$4=0,"",VLOOKUP($B17,INDIRECT("$P$1:$Z$"&$M$4),COLUMN()-1,0)) | J17: =IF($M$4=0,"",VLOOKUP($B17,INDIRECT("$P$1:$Z$"&$M$4),COLUMN()-1,0)) | ... L17: =IF($M$4=0,"",VLOOKUP($B17,INDIRECT("$P$1:$Z$"&$M$4),COLUMN()-1,0))
... B40: =IF(Calculation!BE45="","",Calculation!BE45) | C40: =IF($M$4=0,"",VLOOKUP($B40,INDIRECT("$P$1:$Z$"&$M$4),COLUMN()-1,0)) | D40: =IF($M$4=0,"",VLOOKUP($B40,INDIRECT("$P$1:$Z$"&$M$4),COLUMN()-1,0)) | E40: =IF($M$4=0,"",VLOOKUP($B40,INDIRECT("$P$1:$Z$"&$M$4),COLUMN()-1,0)) | F40: =IF($M$4=0,"",VLOOKUP($B40,INDIRECT("$P$1:$Z$"&$M$4),COLUMN()-1,0)) | G40: =IF($M$4=0,"",VLOOKUP($B40,INDIRECT("$P$1:$Z$"&$M$4),COLUMN()-1,0)) | H40: =IF($M$4=0,"",VLOOKUP($B40,INDIRECT("$P$1:$Z$"&$M$4),COLUMN()-1,0)) | I40: =IF($M$4=0,"",VLOOKUP($B40,INDIRECT("$P$1:$Z$"&$M$4),COLUMN()-1,0)) | J40: =IF($M$4=0,"",VLOOKUP($B40,INDIRECT("$P$1:$Z$"&$M$4),COLUMN()-1,0)) | ... L40: =IF($M$4=0,"",VLOOKUP($B40,INDIRECT("$P$1:$Z$"&$M$4),COLUMN()-1,0))
B41: =IF(Calculation!BE47="","",Calculation!BE47) | C41: =IF($M$4=0,"",VLOOKUP($B41,INDIRECT("$P$1:$Z$"&$M$4),COLUMN()-1,0)) | D41: =IF($M$4=0,"",VLOOKUP($B41,INDIRECT("$P$1:$Z$"&$M$4),COLUMN()-1,0)) | E41: =IF($M$4=0,"",VLOOKUP($B41,INDIRECT("$P$1:$Z$"&$M$4),COLUMN()-1,0)) | F41: =IF($M$4=0,"",VLOOKUP($B41,INDIRECT("$P$1:$Z$"&$M$4),COLUMN()-1,0)) | G41: =IF($M$4=0,"",VLOOKUP($B41,INDIRECT("$P$1:$Z$"&$M$4),COLUMN()-1,0)) | H41: =IF($M$4=0,"",VLOOKUP($B41,INDIRECT("$P$1:$Z$"&$M$4),COLUMN()-1,0)) | I41: =IF($M$4=0,"",VLOOKUP($B41,INDIRECT("$P$1:$Z$"&$M$4),COLUMN()-1,0)) | J41: =IF($M$4=0,"",VLOOKUP($B41,INDIRECT("$P$1:$Z$"&$M$4),COLUMN()-1,0)) | ... L41: =IF($M$4=0,"",VLOOKUP($B41,INDIRECT("$P$1:$Z$"&$M$4),COLUMN()-1,0))
B42: =IF(Calculation!BE48="","",Calculation!BE48) | C42: =IF($M$4=0,"",VLOOKUP($B42,INDIRECT("$P$1:$Z$"&$M$4),COLUMN()-1,0)) | D42: =IF($M$4=0,"",VLOOKUP($B42,INDIRECT("$P$1:$Z$"&$M$4),COLUMN()-1,0)) | E42: =IF($M$4=0,"",VLOOKUP($B42,INDIRECT("$P$1:$Z$"&$M$4),COLUMN()-1,0)) | F42: =IF($M$4=0,"",VLOOKUP($B42,INDIRECT("$P$1:$Z$"&$M$4),COLUMN()-1,0)) | G42: =IF($M$4=0,"",VLOOKUP($B42,INDIRECT("$P$1:$Z$"&$M$4),COLUMN()-1,0)) | H42: =IF($M$4=0,"",VLOOKUP($B42,INDIRECT("$P$1:$Z$"&$M$4),COLUMN()-1,0)) | I42: =IF($M$4=0,"",VLOOKUP($B42,INDIRECT("$P$1:$Z$"&$M$4),COLUMN()-1,0)) | J42: =IF($M$4=0,"",VLOOKUP($B42,INDIRECT("$P$1:$Z$"&$M$4),COLUMN()-1,0)) | ... L42: =IF($M$4=0,"",VLOOKUP($B42,INDIRECT("$P$1:$Z$"&$M$4),COLUMN()-1,0))
B43: =IF(Calculation!BE49="","",Calculation!BE49) | C43: =IF($M$4=0,"",VLOOKUP($B43,INDIRECT("$P$1:$Z$"&$M$4),COLUMN()-1,0)) | D43: =IF($M$4=0,"",VLOOKUP($B43,INDIRECT("$P$1:$Z$"&$M$4),COLUMN()-1,0)) | E43: =IF($M$4=0,"",VLOOKUP($B43,INDIRECT("$P$1:$Z$"&$M$4),COLUMN()-1,0)) | F43: =IF($M$4=0,"",VLOOKUP($B43,INDIRECT("$P$1:$Z$"&$M$4),COLUMN()-1,0)) | G43: =IF($M$4=0,"",VLOOKUP($B43,INDIRECT("$P$1:$Z$"&$M$4),COLUMN()-1,0)) | H43: =IF($M$4=0,"",VLOOKUP($B43,INDIRECT("$P$1:$Z$"&$M$4),COLUMN()-1,0)) | I43: =IF($M$4=0,"",VLOOKUP($B43,INDIRECT("$P$1:$Z$"&$M$4),COLUMN()-1,0)) | J43: =IF($M$4=0,"",VLOOKUP($B43,INDIRECT("$P$1:$Z$"&$M$4),COLUMN()-1,0)) | ... L43: =IF($M$4=0,"",VLOOKUP($B43,INDIRECT("$P$1:$Z$"&$M$4),COLUMN()-1,0))
B44: =IF(Calculation!BE50="","",Calculation!BE50) | C44: =IF($M$4=0,"",VLOOKUP($B44,INDIRECT("$P$1:$Z$"&$M$4),COLUMN()-1,0)) | D44: =IF($M$4=0,"",VLOOKUP($B44,INDIRECT("$P$1:$Z$"&$M$4),COLUMN()-1,0)) | E44: =IF($M$4=0,"",VLOOKUP($B44,INDIRECT("$P$1:$Z$"&$M$4),COLUMN()-1,0)) | F44: =IF($M$4=0,"",VLOOKUP($B44,INDIRECT("$P$1:$Z$"&$M$4),COLUMN()-1,0)) | G44: =IF($M$4=0,"",VLOOKUP($B44,INDIRECT("$P$1:$Z$"&$M$4),COLUMN()-1,0)) | H44: =IF($M$4=0,"",VLOOKUP($B44,INDIRECT("$P$1:$Z$"&$M$4),COLUMN()-1,0)) | I44: =IF($M$4=0,"",VLOOKUP($B44,INDIRECT("$P$1:$Z$"&$M$4),COLUMN()-1,0)) | J44: =IF($M$4=0,"",VLOOKUP($B44,INDIRECT("$P$1:$Z$"&$M$4),COLUMN()-1,0)) | ... L44: =IF($M$4=0,"",VLOOKUP($B44,INDIRECT("$P$1:$Z$"&$M$4),COLUMN()-1,0))
B45: =IF(Calculation!BE51="","",Calculation!BE51) | C45: =IF($M$4=0,"",VLOOKUP($B45,INDIRECT("$P$1:$Z$"&$M$4),COLUMN()-1,0)) | D45: =IF($M$4=0,"",VLOOKUP($B45,INDIRECT("$P$1:$Z$"&$M$4),COLUMN()-1,0)) | E45: =IF($M$4=0,"",VLOOKUP($B45,INDIRECT("$P$1:$Z$"&$M$4),COLUMN()-1,0)) | F45: =IF($M$4=0,"",VLOOKUP($B45,INDIRECT("$P$1:$Z$"&$M$4),COLUMN()-1,0)) | G45: =IF($M$4=0,"",VLOOKUP($B45,INDIRECT("$P$1:$Z$"&$M$4),COLUMN()-1,0)) | H45: =IF($M$4=0,"",VLOOKUP($B45,INDIRECT("$P$1:$Z$"&$M$4),COLUMN()-1,0)) | I45: =IF($M$4=0,"",VLOOKUP($B45,INDIRECT("$P$1:$Z$"&$M$4),COLUMN()-1,0)) | J45: =IF($M$4=0,"",VLOOKUP($B45,INDIRECT("$P$1:$Z$"&$M$4),COLUMN()-1,0)) | ... L45: =IF($M$4=0,"",VLOOKUP($B45,INDIRECT("$P$1:$Z$"&$M$4),COLUMN()-1,0))
B46: =IF(Calculation!BE52="","",Calculation!BE52) | C46: =IF($M$4=0,"",VLOOKUP($B46,INDIRECT("$P$1:$Z$"&$M$4),COLUMN()-1,0)) | D46: =IF($M$4=0,"",VLOOKUP($B46,INDIRECT("$P$1:$Z$"&$M$4),COLUMN()-1,0)) | E46: =IF($M$4=0,"",VLOOKUP($B46,INDIRECT("$P$1:$Z$"&$M$4),COLUMN()-1,0)) | F46: =IF($M$4=0,"",VLOOKUP($B46,INDIRECT("$P$1:$Z$"&$M$4),COLUMN()-1,0)) | G46: =IF($M$4=0,"",VLOOKUP($B46,INDIRECT("$P$1:$Z$"&$M$4),COLUMN()-1,0)) | H46: =IF($M$4=0,"",VLOOKUP($B46,INDIRECT("$P$1:$Z$"&$M$4),COLUMN()-1,0)) | I46: =IF($M$4=0,"",VLOOKUP($B46,INDIRECT("$P$1:$Z$"&$M$4),COLUMN()-1,0)) | J46: =IF($M$4=0,"",VLOOKUP($B46,INDIRECT("$P$1:$Z$"&$M$4),COLUMN()-1,0)) | ... L46: =IF($M$4=0,"",VLOOKUP($B46,INDIRECT("$P$1:$Z$"&$M$4),COLUMN()-1,0))
B47: =IF(Calculation!BE53="","",Calculation!BE53) | C47: =IF($M$4=0,"",VLOOKUP($B47,INDIRECT("$P$1:$Z$"&$M$4),COLUMN()-1,0)) | D47: =IF($M$4=0,"",VLOOKUP($B47,INDIRECT("$P$1:$Z$"&$M$4),COLUMN()-1,0)) | E47: =IF($M$4=0,"",VLOOKUP($B47,INDIRECT("$P$1:$Z$"&$M$4),COLUMN()-1,0)) | F47: =IF($M$4=0,"",VLOOKUP($B47,INDIRECT("$P$1:$Z$"&$M$4),COLUMN()-1,0)) | G47: =IF($M$4=0,"",VLOOKUP($B47,INDIRECT("$P$1:$Z$"&$M$4),COLUMN()-1,0)) | H47: =IF($M$4=0,"",VLOOKUP($B47,INDIRECT("$P$1:$Z$"&$M$4),COLUMN()-1,0)) | I47: =IF($M$4=0,"",VLOOKUP($B47,INDIRECT("$P$1:$Z$"&$M$4),COLUMN()-1,0)) | J47: =IF($M$4=0,"",VLOOKUP($B47,INDIRECT("$P$1:$Z$"&$M$4),COLUMN()-1,0)) | ... L47: =IF($M$4=0,"",VLOOKUP($B47,INDIRECT("$P$1:$Z$"&$M$4),COLUMN()-1,0))
B48: =IF(Calculation!BE54="","",Calculation!BE54) | C48: =IF($M$4=0,"",VLOOKUP($B48,INDIRECT("$P$1:$Z$"&$M$4),COLUMN()-1,0)) | D48: =IF($M$4=0,"",VLOOKUP($B48,INDIRECT("$P$1:$Z$"&$M$4),COLUMN()-1,0)) | E48: =IF($M$4=0,"",VLOOKUP($B48,INDIRECT("$P$1:$Z$"&$M$4),COLUMN()-1,0)) | F48: =IF($M$4=0,"",VLOOKUP($B48,INDIRECT("$P$1:$Z$"&$M$4),COLUMN()-1,0)) | G48: =IF($M$4=0,"",VLOOKUP($B48,INDIRECT("$P$1:$Z$"&$M$4),COLUMN()-1,0)) | H48: =IF($M$4=0,"",VLOOKUP($B48,INDIRECT("$P$1:$Z$"&$M$4),COLUMN()-1,0)) | I48: =IF($M$4=0,"",VLOOKUP($B48,INDIRECT("$P$1:$Z$"&$M$4),COLUMN()-1,0)) | J48: =IF($M$4=0,"",VLOOKUP($B48,INDIRECT("$P$1:$Z$"&$M$4),COLUMN()-1,0)) | ... L48: =IF($M$4=0,"",VLOOKUP($B48,INDIRECT("$P$1:$Z$"&$M$4),COLUMN()-1,0))
B49: =IF(Calculation!BE55="","",Calculation!BE55) | C49: =IF($M$4=0,"",VLOOKUP($B49,INDIRECT("$P$1:$Z$"&$M$4),COLUMN()-1,0)) | D49: =IF($M$4=0,"",VLOOKUP($B49,INDIRECT("$P$1:$Z$"&$M$4),COLUMN()-1,0)) | E49: =IF($M$4=0,"",VLOOKUP($B49,INDIRECT("$P$1:$Z$"&$M$4),COLUMN()-1,0)) | F49: =IF($M$4=0,"",VLOOKUP($B49,INDIRECT("$P$1:$Z$"&$M$4),COLUMN()-1,0)) | G49: =IF($M$4=0,"",VLOOKUP($B49,INDIRECT("$P$1:$Z$"&$M$4),COLUMN()-1,0)) | H49: =IF($M$4=0,"",VLOOKUP($B49,INDIRECT("$P$1:$Z$"&$M$4),COLUMN()-1,0)) | I49: =IF($M$4=0,"",VLOOKUP($B49,INDIRECT("$P$1:$Z$"&$M$4),COLUMN()-1,0)) | J49: =IF($M$4=0,"",VLOOKUP($B49,INDIRECT("$P$1:$Z$"&$M$4),COLUMN()-1,0)) | ... L49: =IF($M$4=0,"",VLOOKUP($B49,INDIRECT("$P$1:$Z$"&$M$4),COLUMN()-1,0))
B50: =IF(Calculation!BE56="","",Calculation!BE56) | C50: =IF($M$4=0,"",VLOOKUP($B50,INDIRECT("$P$1:$Z$"&$M$4),COLUMN()-1,0)) | D50: =IF($M$4=0,"",VLOOKUP($B50,INDIRECT("$P$1:$Z$"&$M$4),COLUMN()-1,0)) | E50: =IF($M$4=0,"",VLOOKUP($B50,INDIRECT("$P$1:$Z$"&$M$4),COLUMN()-1,0)) | F50: =IF($M$4=0,"",VLOOKUP($B50,INDIRECT("$P$1:$Z$"&$M$4),COLUMN()-1,0)) | G50: =IF($M$4=0,"",VLOOKUP($B50,INDIRECT("$P$1:$Z$"&$M$4),COLUMN()-1,0)) | H50: =IF($M$4=0,"",VLOOKUP($B50,INDIRECT("$P$1:$Z$"&$M$4),COLUMN()-1,0)) | I50: =IF($M$4=0,"",VLOOKUP($B50,INDIRECT("$P$1:$Z$"&$M$4),COLUMN()-1,0)) | J50: =IF($M$4=0,"",VLOOKUP($B50,INDIRECT("$P$1:$Z$"&$M$4),COLUMN()-1,0)) | ... L50: =IF($M$4=0,"",VLOOKUP($B50,INDIRECT("$P$1:$Z$"&$M$4),COLUMN()-1,0))
B51: =IF(Calculation!BE57="","",Calculation!BE57) | C51: =IF($M$4=0,"",VLOOKUP($B51,INDIRECT("$P$1:$Z$"&$M$4),COLUMN()-1,0)) | D51: =IF($M$4=0,"",VLOOKUP($B51,INDIRECT("$P$1:$Z$"&$M$4),COLUMN()-1,0)) | E51: =IF($M$4=0,"",VLOOKUP($B51,INDIRECT("$P$1:$Z$"&$M$4),COLUMN()-1,0)) | F51: =IF($M$4=0,"",VLOOKUP($B51,INDIRECT("$P$1:$Z$"&$M$4),COLUMN()-1,0)) | G51: =IF($M$4=0,"",VLOOKUP($B51,INDIRECT("$P$1:$Z$"&$M$4),COLUMN()-1,0)) | H51: =IF($M$4=0,"",VLOOKUP($B51,INDIRECT("$P$1:$Z$"&$M$4),COLUMN()-1,0)) | I51: =IF($M$4=0,"",VLOOKUP($B51,INDIRECT("$P$1:$Z$"&$M$4),COLUMN()-1,0)) | J51: =IF($M$4=0,"",VLOOKUP($B51,INDIRECT("$P$1:$Z$"&$M$4),COLUMN()-1,0)) | ... L51: =IF($M$4=0,"",VLOOKUP($B51,INDIRECT("$P$1:$Z$"&$M$4),COLUMN()-1,0))
B52: =IF(Calculation!BE58="","",Calculation!BE58) | C52: =IF($M$4=0,"",VLOOKUP($B52,INDIRECT("$P$1:$Z$"&$M$4),COLUMN()-1,0)) | D52: =IF($M$4=0,"",VLOOKUP($B52,INDIRECT("$P$1:$Z$"&$M$4),COLUMN()-1,0)) | E52: =IF($M$4=0,"",VLOOKUP($B52,INDIRECT("$P$1:$Z$"&$M$4),COLUMN()-1,0)) | F52: =IF($M$4=0,"",VLOOKUP($B52,INDIRECT("$P$1:$Z$"&$M$4),COLUMN()-1,0)) | G52: =IF($M$4=0,"",VLOOKUP($B52,INDIRECT("$P$1:$Z$"&$M$4),COLUMN()-1,0)) | H52: =IF($M$4=0,"",VLOOKUP($B52,INDIRECT("$P$1:$Z$"&$M$4),COLUMN()-1,0)) | I52: =IF($M$4=0,"",VLOOKUP($B52,INDIRECT("$P$1:$Z$"&$M$4),COLUMN()-1,0)) | J52: =IF($M$4=0,"",VLOOKUP($B52,INDIRECT("$P$1:$Z$"&$M$4),COLUMN()-1,0)) | ... L52: =IF($M$4=0,"",VLOOKUP($B52,INDIRECT("$P$1:$Z$"&$M$4),COLUMN()-1,0))
... B55: =IF(Calculation!BE61="","",Calculation!BE61) | C55: =IF($M$4=0,"",VLOOKUP($B55,INDIRECT("$P$1:$Z$"&$M$4),COLUMN()-1,0)) | D55: =IF($M$4=0,"",VLOOKUP($B55,INDIRECT("$P$1:$Z$"&$M$4),COLUMN()-1,0)) | E55: =IF($M$4=0,"",VLOOKUP($B55,INDIRECT("$P$1:$Z$"&$M$4),COLUMN()-1,0)) | F55: =IF($M$4=0,"",VLOOKUP($B55,INDIRECT("$P$1:$Z$"&$M$4),COLUMN()-1,0)) | G55: =IF($M$4=0,"",VLOOKUP($B55,INDIRECT("$P$1:$Z$"&$M$4),COLUMN()-1,0)) | H55: =IF($M$4=0,"",VLOOKUP($B55,INDIRECT("$P$1:$Z$"&$M$4),COLUMN()-1,0)) | I55: =IF($M$4=0,"",VLOOKUP($B55,INDIRECT("$P$1:$Z$"&$M$4),COLUMN()-1,0)) | J55: =IF($M$4=0,"",VLOOKUP($B55,INDIRECT("$P$1:$Z$"&$M$4),COLUMN()-1,0)) | ... L55: =IF($M$4=0,"",VLOOKUP($B55,INDIRECT("$P$1:$Z$"&$M$4),COLUMN()-1,0))

Sheet Case 9
B1: ELEMENT | C1: AXIAL | D1: SHEAR | E1: BENDING | F1: TORSION | G1: -----------Forces(N. | H1: )----------- | I1: ---------Moments(N.m. | J1: )------
B2: NODES: | C2: FORCE | D2: FORCE | E2: MOMENT | F2: MOMENT | G2: FX | H2: FY | I2: FZ | J2: MX | K2: MY | L2: MZ
B4: CASE | C4: =IF(P1="","","L"&MID(INDIRECT("P"&L4),6,2)) | D4: =IF(P1="","",MID(INDIRECT("P"&L4),SEARCH("(",INDIRECT("P"&L4),1)+1,3)) | E4: =IF(P1="","",MID(INDIRECT("P"&L4),SEARCH(")",INDIRECT("P"&L4),1)+2,LEN(INDIRECT("P"&L4)))) | L4: =IF(P1="","",MATCH("CASE*",P1:P10,0)) | M4: =ROUND(COUNT(P:P)*1.6,0) -> 0
B6: =IF(Calculation!BE11="","",Calculation!BE11) | C6: =IF($M$4=0,"",VLOOKUP($B6,INDIRECT("$P$1:$Z$"&$M$4),COLUMN()-1,0)) | D6: =IF($M$4=0,"",VLOOKUP($B6,INDIRECT("$P$1:$Z$"&$M$4),COLUMN()-1,0)) | E6: =IF($M$4=0,"",VLOOKUP($B6,INDIRECT("$P$1:$Z$"&$M$4),COLUMN()-1,0)) | F6: =IF($M$4=0,"",VLOOKUP($B6,INDIRECT("$P$1:$Z$"&$M$4),COLUMN()-1,0)) | G6: =IF($M$4=0,"",VLOOKUP($B6,INDIRECT("$P$1:$Z$"&$M$4),COLUMN()-1,0)) | H6: =IF($M$4=0,"",VLOOKUP($B6,INDIRECT("$P$1:$Z$"&$M$4),COLUMN()-1,0)) | I6: =IF($M$4=0,"",VLOOKUP($B6,INDIRECT("$P$1:$Z$"&$M$4),COLUMN()-1,0)) | J6: =IF($M$4=0,"",VLOOKUP($B6,INDIRECT("$P$1:$Z$"&$M$4),COLUMN()-1,0)) | ... L6: =IF($M$4=0,"",VLOOKUP($B6,INDIRECT("$P$1:$Z$"&$M$4),COLUMN()-1,0))
B7: =IF(Calculation!BE12="","",Calculation!BE12) | C7: =IF($M$4=0,"",VLOOKUP($B7,INDIRECT("$P$1:$Z$"&$M$4),COLUMN()-1,0)) | D7: =IF($M$4=0,"",VLOOKUP($B7,INDIRECT("$P$1:$Z$"&$M$4),COLUMN()-1,0)) | E7: =IF($M$4=0,"",VLOOKUP($B7,INDIRECT("$P$1:$Z$"&$M$4),COLUMN()-1,0)) | F7: =IF($M$4=0,"",VLOOKUP($B7,INDIRECT("$P$1:$Z$"&$M$4),COLUMN()-1,0)) | G7: =IF($M$4=0,"",VLOOKUP($B7,INDIRECT("$P$1:$Z$"&$M$4),COLUMN()-1,0)) | H7: =IF($M$4=0,"",VLOOKUP($B7,INDIRECT("$P$1:$Z$"&$M$4),COLUMN()-1,0)) | I7: =IF($M$4=0,"",VLOOKUP($B7,INDIRECT("$P$1:$Z$"&$M$4),COLUMN()-1,0)) | J7: =IF($M$4=0,"",VLOOKUP($B7,INDIRECT("$P$1:$Z$"&$M$4),COLUMN()-1,0)) | ... L7: =IF($M$4=0,"",VLOOKUP($B7,INDIRECT("$P$1:$Z$"&$M$4),COLUMN()-1,0))
B8: =IF(Calculation!BE13="","",Calculation!BE13) | C8: =IF($M$4=0,"",VLOOKUP($B8,INDIRECT("$P$1:$Z$"&$M$4),COLUMN()-1,0)) | D8: =IF($M$4=0,"",VLOOKUP($B8,INDIRECT("$P$1:$Z$"&$M$4),COLUMN()-1,0)) | E8: =IF($M$4=0,"",VLOOKUP($B8,INDIRECT("$P$1:$Z$"&$M$4),COLUMN()-1,0)) | F8: =IF($M$4=0,"",VLOOKUP($B8,INDIRECT("$P$1:$Z$"&$M$4),COLUMN()-1,0)) | G8: =IF($M$4=0,"",VLOOKUP($B8,INDIRECT("$P$1:$Z$"&$M$4),COLUMN()-1,0)) | H8: =IF($M$4=0,"",VLOOKUP($B8,INDIRECT("$P$1:$Z$"&$M$4),COLUMN()-1,0)) | I8: =IF($M$4=0,"",VLOOKUP($B8,INDIRECT("$P$1:$Z$"&$M$4),COLUMN()-1,0)) | J8: =IF($M$4=0,"",VLOOKUP($B8,INDIRECT("$P$1:$Z$"&$M$4),COLUMN()-1,0)) | ... L8: =IF($M$4=0,"",VLOOKUP($B8,INDIRECT("$P$1:$Z$"&$M$4),COLUMN()-1,0))
